"[0, -32768, -32768, -32768, -32768, -32768, -32768, -32768, -32768, -32768, -26089, -20434, -16899, -13649, -10905, -9155, -7768, -6173, -5864, -5604, -5117, -5265, -5314, -5016, -6055, -7246, -7750, -11162, -17165, -19794, -17573, -16061, -19712, -23554, -21535, -13755, -7944, -8169, -8859, -8689, -8096, -7504, -6960, -6542, -6284, -6446, -6661, -6778, -7084, -7563, -8326, -8229, -8373, -8876, -8722, -8171, -7650, -7720, -7524, -6754]","[0, 3109, -1582, 2730, 9756, 15586, 18022, 15205, 11245, 8746, 8817, 6985, 5757, 4749, 1904, -226, 353, 1618, 161, -850, -178, 1041, 1423, 747, 643, 772, 578, 1060, 1869, 4551, 7572, 9674, 9859, 7367, 4068, 2965, 4076, 4708, 5527, 5860, 4481, 3403, 2936, 3493, 4122, 4672, 4187, 3267, 3661, 4078, 3900, 3390, 2671, 1670, 1457, 1616, 1762, 1576, 1585, 1753]","[0, -10735, -5904, -2061, -4467, -6181, -5561, -4825, -2589, -3092, -2867, -865, 368, 1284, 4414, 7235, 7006, 8498, 9770, 9883, 8602, 7898, 6379, 3593, -24, -4405, -8594, -11633, -17474, -20727, -18632, -15496, -11815, -10928, -14012, -15357, -11843, -9040, -6867, -5127, -4374, -3394, -2776, -2789, -2753, -2415, -2622, -2564, -2094, -1708, -1694, -1817, -1281, -813, -475, -493, -449, -193, -38, -226]","[0, -6601, 10612, 20618, 22833, 23487, 17121, 9350, 4412, 5855, 4684, 2911, 3179, 3430, 2189, 2219, 2652, -763, -2446, 853, 3220, 3284, 2902, 4110, 4447, 3951, 3461, -773, -2120, -1546, -8243, -14728, -14947, -10790, -669, 9442, 10784, 5752, 674, -4775, -8227, -7753, -5165, -2964, -2571, -3915, -6388, -5354, -3624, -4740, -7157, -8228, -7054, -4168, -1603, 203, 1278, 2265, 2495, 1939]","[0, 32767, 32767, 32767, 32767, 32767, 32767, 32767, 32767, 32767, 30134, 30731, 27133, 24059, 23471, 21107, 16649, 12483, 9707, 6186, 2130, -3179, -11251, -18514, -25248, -31903, -32768, -32768, -32768, -32768, -32768, -30588, -21201, -21173, -27303, -25970, -14184, -1903, 4313, 5448, 3766, 2444, 1517, 1359, 1510, 1240, 454, 742, 862, 307, -590, -323, 408, 710, 622, 767, 1441, 1985, 1938, 1571]","[0, 26281, 17681, 6564, -2214, -4579, -4402, -4860, -4313, -1573, -926, -672, 430, 2098, 1831, -940, -2837, -3888, -5029, -5549, -5899, -6361, -4893, -2330, -990, -60, 957, -229, -2098, 299, 1381, -2614, -6607, -5756, -1390, 780, -1519, -6800, -7970, -6010, -4123, -3031, -2672, -2878, -3364, -3556, -3548, -2208, -729, -104, -79, 1166, 3444, 4528, 4078, 3733, 4074, 4132, 3222, 2276]"
"[-20144, -24447, -24939, -23944, -20720, -32325, -32768, -32768, -32768, -32768, -32768, -32768, -32768, -32768, -28193, -22825, -17707, -14074, -12002, -9969, -7036, -4768, -3871, -3378, -2249, -1427, -1594, -2844, -4371, -4964, -6128, -9205, -13815, -15147, -16692, -21171, -21378, -22592, -23957, -22410, -21232, -17015, -12129, -9291, -9116, -9061, -8962, -8331, -7956, -8007, -7971, -8062, -8437, -8408, -7899, -7579, -7750, -7683, -7256, -7006]","[685, 5490, 14752, 18959, 20623, 10674, 2896, 1127, 4320, 12832, 17900, 17071, 11606, 7877, 7298, 7321, 6263, 4961, 4048, 3043, 1728, -49, -475, -23, -698, -2506, -1560, -69, -409, -1196, -61, 2147, 3171, 3389, 4269, 6408, 8125, 8366, 8617, 8815, 7456, 6255, 5676, 5636, 4313, 3803, 4214, 4203, 4007, 3347, 3010, 2741, 2090, 1455, 1719, 1698, 1798, 1730, 1797, 1593]","[3181, 6090, 5555, -3251, -7477, -2648, 6063, 14454, 13093, 11721, 8715, 3926, 400, -1351, -1728, -1204, -1303, -756, 325, 2070, 4693, 6316, 6349, 8252, 9052, 7546, 7795, 9219, 8330, 4502, 1513, -1180, -5479, -10679, -12059, -12249, -12109, -11266, -10931, -11333, -12585, -13945, -12900, -9969, -6617, -4319, -3185, -2969, -3006, -2899, -2320, -1238, -396, -240, -250, -358, -204, -77, -57, -138]","[4615, 6550, 3857, -1953, -21980, -32768, -25355, -4185, 15988, 25428, 23994, 15130, 9420, 10904, 12747, 9947, 5388, 2759, 844, 61, 143, 822, 2822, 2087, -257, 217, 829, -2003, -5023, -4031, -2266, -3098, -4062, -2876, 773, 2634, -3289, -6922, -7647, -7542, -5203, 3047, 8165, 4374, 1126, 3389, 6262, 6045, 3523, -46, -2643, -3939, -3739, -2629, -2143, -2464, -1959, -1309, -990, -1224]","[8227, 7767, 5556, 6723, 22222, 32767, 32767, 32767, 32767, 32767, 32767, 32767, 32767, 32767, 32767, 30353, 28974, 28245, 26764, 23917, 20573, 17559, 14297, 9165, 3654, -94, -708, -4197, -14124, -20406, -23596, -28428, -32768, -32768, -32768, -32768, -31462, -29209, -28532, -28562, -27316, -21462, -13333, -4882, -330, 1497, 1593, 654, 275, 1102, 2522, 3408, 3505, 2655, 1988, 2036, 2221, 1838, 1417, 1386]","[-31603, -32768, -31553, -17300, 6044, 28626, 32767, 23767, 6265, -4558, -4617, -1228, 42, -284, -1024, -1037, -1268, -844, -378, 527, 1097, 1083, 573, -442, -1253, -1824, -4053, -7071, -7906, -7598, -8677, -10622, -11506, -10322, -9909, -10585, -11277, -9773, -8609, -8658, -9558, -5961, -2395, -2738, -4033, -3494, -2190, -1009, 77, 744, 478, -53, 337, 1211, 1160, 454, 467, 940, 1201, 977]"
"[-23331, -30341, -32768, -32768, -32768, -32768, -32768, -32768, -32768, -32768, -31631, -26029, -21332, -17874, -13351, -9539, -7338, -5734, -3102, -1983, -2358, -2412, -1947, -2079, -3856, -5157, -5601, -8316, -11369, -14110, -16626, -16774, -19106, -20326, -18912, -18863, -16337, -12258, -10116, -9296, -9322, -9717, -8946, -8401, -8931, -9184, -8291, -7310, -6634, -6396, -6329, -6272, -6324, -6359, -6615, -6659, -6825, -7023, -7181, -7463]","[-613, 690, 1537, 3198, 4647, 5059, 5547, 7553, 7613, 8151, 7679, 6260, 5245, 5430, 3955, 2004, 928, 279, -430, -1538, -1831, -856, -1075, -1418, -1120, -414, -117, 312, 2186, 4835, 7741, 11460, 11865, 10590, 10638, 9358, 7523, 7754, 8197, 7143, 5840, 5013, 4008, 3482, 3513, 3097, 2579, 2747, 3394, 3428, 2741, 2207, 2243, 2255, 2279, 1939, 1920, 2258, 2631, 2702]","[-8037, -8863, -8967, -6886, -2060, 1456, 19, -946, -1332, -1576, -2291, -2265, -1943, 679, 2041, 3721, 5094, 5236, 5462, 6314, 5655, 5881, 5232, 4914, 4321, 2818, 662, -1760, -4695, -6795, -9188, -10789, -10665, -10996, -11724, -12416, -13091, -13808, -12862, -10548, -8699, -8218, -7894, -7010, -5911, -5214, -4954, -4679, -3903, -3258, -2579, -2583, -2643, -2327, -1747, -1410, -1563, -1692, -1419, -1281]","[-6486, -9006, -9096, -10993, -10397, -5251, 3353, 6057, 4827, 858, -749, 501, 1942, 1516, 1335, 2370, 2048, 1120, 180, -314, 915, 196, -673, 64, 439, -996, -2898, -4282, -3945, -2911, -3876, -8607, -8689, -4069, 208, 4141, 7778, 7750, 4958, 3296, 2812, 1493, 686, 1896, 1909, 129, -306, 4, -130, -1106, -1602, -1298, -815, -258, 3, 51, 266, -4, -431, -1074]","[18383, 22162, 29734, 32767, 32767, 32767, 32767, 32767, 32767, 32767, 30807, 29716, 29221, 26262, 22426, 20426, 16874, 11010, 8657, 7954, 5042, 990, -2045, -3506, -7208, -13377, -18116, -22115, -24925, -26585, -28816, -27651, -25799, -26780, -26671, -25007, -22813, -18744, -12694, -7017, -5130, -4917, -3378, -1386, -464, -608, -104, 753, 1475, 1855, 1552, 1011, 1387, 2295, 2582, 2070, 2044, 2269, 2381, 2056]","[-12938, -12977, -12485, -13599, -12481, -8760, -6665, -8853, -8735, -7613, -4855, -2230, -1575, -1360, 706, 1836, 606, -337, -858, -2006, -2950, -4210, -4564, -5128, -6694, -7915, -8836, -10920, -14134, -15447, -14338, -15387, -13875, -8964, -6848, -4053, -1582, -1019, -2070, -1869, -827, 78, 349, 182, 106, -194, -577, -1021, -1243, -742, -131, -49, -47, 86, 405, 535, 464, 49, -57, 138]"
"[-10299, -8469, -10810, -14658, -19989, -24537, -26393, -31198, -32768, -32768, -32768, -32768, -32768, -32768, -32768, -32768, -27225, -20685, -16401, -12975, -10025, -8450, -6190, -4373, -4181, -2619, -1393, -1580, -1811, -1852, -2801, -4106, -5655, -8207, -10737, -14048, -16923, -17139, -19660, -20988, -19811, -18257, -17043, -16180, -13953, -11934, -10992, -10118, -9115, -8372, -7748, -7535, -7169, -7324, -6933, -6922, -7471, -7139, -7560, -7494]","[-126, -1046, -262, 1873, 4877, 6973, 6923, 5530, 3709, 2981, 3660, 5786, 9541, 10760, 8734, 5319, 4969, 6029, 4913, 2391, 1148, 1649, 328, -1795, -1938, -2166, -2200, -1338, 260, 885, 50, -348, 667, 2692, 3477, 2304, 3229, 5488, 5845, 5425, 5299, 4777, 3365, 2380, 2948, 2928, 2581, 3059, 3444, 3352, 2987, 2750, 2565, 2488, 1962, 987, 261, 170, 423, 190]","[-14828, -16936, -14108, -10273, -7262, -5529, -6133, -7823, -7578, -6570, -6907, -8332, -7753, -6698, -5615, -4099, -2568, -1139, -326, 262, 1392, 1917, 2774, 5620, 6392, 5252, 5911, 5682, 4894, 3971, 2590, 278, -2853, -6427, -9084, -12334, -14312, -15329, -15422, -14639, -13978, -12113, -10917, -10533, -11138, -9837, -8294, -6921, -5930, -5244, -4936, -4764, -4372, -3555, -2293, -1264, -1235, -1268, -992, -719]","[3527, 1748, -136, -1920, -5577, -13317, -19481, -20838, -17575, -12132, 538, 11484, 12937, 4582, -2052, -240, 3852, 1107, -1455, 423, 3001, 1125, -1070, -359, 485, 1146, 1666, 2270, 1840, 587, 1715, 5002, 7321, 5801, 254, 149, 2331, -1178, -4291, -4463, -4682, -4795, -2207, 3130, 6494, 6709, 5206, 3433, 1196, -595, -2327, -3489, -3295, -2363, -741, 1840, 5264, 7340, 6612, 5456]","[-18967, -5883, 10990, 23757, 31526, 32767, 32767, 32767, 32767, 32767, 32767, 32767, 32767, 32767, 32767, 32767, 30739, 26783, 24850, 22072, 18731, 15263, 14385, 14152, 8750, 3654, 1961, -349, -4351, -8094, -12690, -17839, -22791, -27177, -30467, -32768, -32768, -32768, -32056, -30551, -27879, -23626, -21156, -20142, -17495, -12595, -8623, -6410, -4697, -4053, -4073, -3506, -2166, -560, 814, 789, -633, -1095, -903, -288]","[-4352, -8937, -14090, -16989, -15295, -11185, -5995, 725, 3383, 4596, 7294, 6758, 4039, 2935, 3618, 4933, 4747, 4115, 4026, 5253, 5640, 4064, 3145, 2089, 758, 138, -1065, -3386, -5377, -5812, -5448, -5001, -4951, -4402, -4931, -4885, -3861, -4981, -6215, -5394, -4462, -4876, -5061, -4215, -3127, -2962, -3611, -3978, -3196, -2309, -1896, -1647, -1392, -1091, -354, 864, 1901, 2701, 2575, 1732]"
"[-6075, -6617, -8308, -11547, -15695, -20275, -24985, -30755, -32768, -32768, -32768, -32768, -32768, -32768, -32768, -32768, -31219, -26259, -22923, -18235, -14447, -10864, -8238, -5725, -3866, -3460, -2905, -2704, -2828, -3980, -4888, -6289, -8023, -10856, -14462, -16364, -18464, -19553, -17400, -17896, -16958, -13952, -10264, -10218, -9791, -8663, -8136, -8055, -7901, -7646, -7271, -7023, -6878, -7116, -7414, -7708, -7883, -7719, -7703, -7647]","[2375, 2280, 2430, 1983, 1667, 2035, 2427, 2836, 3166, 1281, -1288, -600, 5362, 8729, 6897, 6489, 7659, 8418, 7681, 6245, 4889, 2549, 1519, 936, -248, -1067, -821, -1140, -746, 268, 882, 1155, 2106, 2206, 3518, 6752, 8466, 10585, 11438, 10901, 9528, 8875, 10185, 8708, 8119, 7200, 6547, 5326, 4434, 3876, 3706, 4026, 3793, 3309, 3031, 2576, 2972, 3223, 3118, 3048]","[-11176, -13682, -13045, -10388, -8080, -5566, -4078, -3802, -4464, -5707, -5214, -2673, -2347, -3951, -4596, -3922, -4449, -3634, -1810, -699, 812, 2850, 4361, 6038, 7846, 9063, 10175, 8783, 7415, 7205, 5783, 3779, 1265, -2308, -8077, -12158, -14138, -16040, -15283, -13247, -12544, -12086, -9986, -6727, -5308, -5614, -5317, -4210, -3284, -2833, -2688, -2598, -2189, -1761, -1274, -975, -795, -1008, -1199, -1290]","[-107, -3835, -5982, -6258, -6016, -7578, -9579, -7702, -8895, -13330, -7480, 8176, 15037, 12414, 6796, 2161, 898, 1676, 1293, 1445, 1993, 4230, 5503, 2626, -1360, -1424, -1139, -614, -196, -1843, -2303, -230, 2183, 1712, -210, -5260, -10793, -16803, -13608, -8334, -5238, -2403, -189, 2046, 1606, -554, -1284, -601, 206, 454, 40, -1570, -2783, -2312, -1685, -715, -197, 55, 1206, 2079]","[-6321, -68, 9427, 18283, 24555, 29246, 32767, 32767, 32767, 32767, 32767, 32767, 32767, 32767, 32767, 32767, 30687, 29973, 29117, 25151, 22791, 21310, 17590, 14598, 12121, 8646, 3582, -2680, -5973, -8200, -12017, -16778, -22338, -28308, -32298, -32768, -32768, -31843, -25621, -21415, -20966, -18739, -11157, -4784, -4249, -4368, -2305, 451, 1509, 1766, 1998, 2321, 2983, 3437, 3430, 2905, 1812, 1040, 504, 91]","[-4883, -4706, -4207, -3263, -2249, -1706, -404, 2347, 5159, 6785, 7996, 6335, 2138, 150, -1204, -2745, -1506, 381, 1656, 3102, 3777, 4483, 4021, 1983, -634, -2135, -3460, -3586, -4463, -6838, -8416, -7721, -6535, -6673, -7016, -9143, -10998, -13421, -13174, -9975, -11064, -9655, -6985, -5839, -4969, -3500, -1435, -332, 121, 359, 455, 362, 507, 993, 1490, 1555, 1154, 1425, 1940, 1898]"
"[-21618, -24823, -32768, -32768, -32768, -32768, -32768, -32768, -32768, -32768, -32768, -27327, -21864, -17256, -14187, -11744, -8658, -6028, -4131, -3945, -3209, -1469, -1349, -1962, -1773, -856, -1467, -3128, -3357, -2135, -3644, -6481, -7785, -7192, -9422, -11936, -11632, -11220, -13409, -12556, -10160, -9299, -8855, -6435, -5524, -6210, -6974, -7267, -7080, -6949, -7044, -7188, -7011, -6865, -6832, -6736, -6665, -6771, -7086, -7171]","[4776, 5443, 7881, 8709, 8582, 10457, 16078, 18774, 15307, 12197, 11323, 10739, 8366, 6098, 5597, 4923, 2753, 854, 445, 1217, 871, -891, -1569, 91, 1544, -158, -1165, 173, 1528, 1995, 3094, 4490, 6295, 8447, 8322, 7729, 8350, 8548, 7405, 7457, 9529, 9273, 7901, 6302, 5450, 5578, 5840, 4643, 3047, 2239, 2794, 3437, 3231, 2871, 2944, 3220, 3449, 3666, 3423, 3217]","[-943, -1700, -3720, -3888, -1719, -4167, -5724, -4617, -4705, -4892, -4235, -3062, -2749, -2686, -2230, 69, 1620, 2077, 2467, 4342, 5365, 6236, 7158, 5520, 5550, 5652, 4663, 2237, -1994, -4118, -5466, -8308, -11277, -12554, -11879, -12626, -12757, -11491, -10859, -11674, -12966, -11726, -10279, -8934, -6748, -5036, -3856, -3436, -2904, -2674, -2442, -2145, -2362, -2659, -2749, -2921, -2994, -2843, -2486, -2301]","[-3230, -3350, -4387, -3162, 1534, 11857, 18708, 16151, 10660, 11317, 10884, 5777, 2388, 3054, 3559, 1759, 832, 1697, 1811, 176, -1395, -503, 400, 564, -1466, -2272, -1049, -1801, -5567, -7901, -8614, -6962, -5016, -5384, -4741, -67, 2811, 1173, -1186, -3489, -5036, -1967, 512, -95, 2176, 5713, 4594, 1992, 2186, 4752, 6214, 5157, 3160, 1959, 1681, 1366, 1495, 959, -256, -832]","[30212, 32767, 32767, 32767, 32767, 32767, 32767, 32767, 32767, 32767, 32767, 28800, 24921, 23143, 23580, 22336, 19270, 16963, 16100, 14664, 9384, 7399, 5771, 2038, -2739, -6651, -10363, -15067, -19399, -19115, -19370, -22208, -25445, -24174, -21858, -22612, -23983, -22123, -20806, -20885, -18879, -13916, -9280, -5003, -610, 1940, 1762, 1037, 1292, 1633, 1136, -206, -1027, -1010, -999, -914, -134, 857, 1323, 1293]","[-3662, -1086, 2350, 4615, 2587, -1335, -3244, -3533, -2433, -2906, -3887, -3796, -2277, -1126, -1167, -702, 835, 1095, -666, -1963, -1112, -748, -2397, -4407, -3722, -2804, -3978, -5668, -7538, -9685, -12879, -14534, -12889, -12359, -12080, -8582, -5529, -5034, -4569, -4714, -6920, -5621, -2508, -2290, -3521, -2949, -1327, -326, -17, -162, -347, -147, 61, -334, -854, -780, -168, -102, -427, -475]"
"[-24503, -30947, -32768, -32768, -32768, -32768, -32768, -32768, -32768, -32768, -29018, -22316, -18165, -14103, -10062, -6918, -4273, -3160, -2003, -1070, -1237, -2506, -2487, -2912, -3862, -5142, -7230, -9127, -10625, -13811, -17853, -19084, -21290, -21872, -19426, -16944, -13897, -10019, -9832, -9343, -8468, -7658, -7315, -7364, -7184, -6919, -6839, -6170, -6208, -6382, -6528, -7202, -7614, -7344, -7106, -7198, -7381, -7506, -7236, -7761]","[7949, 8513, 7128, 4063, 2857, 9839, 16742, 15437, 12336, 9957, 8704, 6738, 5728, 5316, 3756, 2519, 2206, 2369, 451, -1051, -617, 523, -292, -226, 1205, 2145, 2291, 2457, 3153, 3487, 4611, 7088, 8781, 10136, 10087, 7930, 8604, 8807, 7686, 7709, 7132, 4929, 3891, 4940, 5519, 4086, 2338, 1461, 2196, 2657, 2906, 3033, 3084, 3459, 3170, 2672, 2947, 2784, 2616, 2814]","[-1592, -2739, -3915, -933, -482, 1021, 2818, 1769, 2036, 2016, 577, -185, 427, 2003, 3146, 2636, 3067, 5374, 6396, 6609, 7151, 9607, 8862, 6149, 3659, 1941, 806, -1150, -3623, -5248, -7822, -11477, -13118, -14691, -16334, -16388, -15290, -14111, -11281, -9967, -9209, -8434, -7187, -5697, -4777, -3773, -3322, -2503, -1473, -939, -807, -1323, -2127, -2326, -2362, -2388, -2420, -2768, -2673, -2218]","[-2392, -4139, -6847, -8205, 3686, 20667, 19521, 7561, 2971, 2863, 2691, 2970, 5683, 6611, 4579, 3324, 3155, -190, -2944, -2590, -747, -2699, -5366, -4764, -4388, -3765, -2311, -1249, -1602, -1238, -3103, -6993, -8139, -8819, -4826, 5859, 6750, -367, 1382, 5111, 2512, -419, 1366, 3044, 1523, 244, 1205, 4905, 6450, 5065, 3322, 1875, 1819, 617, -1390, -1554, -2313, -3401, -2834, -3567]","[30839, 32767, 32767, 32767, 32767, 32767, 32767, 32767, 32767, 32767, 27356, 25243, 24649, 21704, 17691, 15510, 15652, 12905, 9872, 7855, 7680, 3065, -4816, -9293, -11457, -13076, -16865, -21178, -23744, -25828, -29217, -30598, -28841, -28531, -26563, -22071, -16542, -10545, -6459, -5902, -5835, -3796, -1242, -8, 323, 1340, 2306, 3948, 4493, 3081, 1623, 947, 328, 88, 339, 673, 586, 665, 1582, 2032]","[-311, 2886, 6620, 8409, 4473, 748, 92, 483, 121, 1588, 3436, 3945, 3594, 3882, 3555, 2867, 1449, 639, 489, -724, -2992, -4535, -4583, -5114, -6826, -7968, -7190, -6327, -7057, -6941, -6934, -10026, -10739, -10212, -10925, -5610, -3489, -7081, -6149, -2786, -989, -631, -1133, -1300, -192, 1771, 1651, 1340, 1021, 359, -61, -563, -178, 146, 31, -35, -470, -896, -476, -495]"
"[-24780, -32768, -32768, -32768, -32768, -32768, -32768, -32768, -32768, -29776, -22314, -18126, -15647, -13748, -10808, -7347, -5696, -4589, -2733, -2238, -2363, -2341, -2062, -2898, -4229, -5526, -7096, -8677, -11904, -16379, -20892, -22755, -21951, -20487, -19761, -17227, -13799, -11158, -9474, -8335, -7300, -6632, -6580, -6411, -6734, -6857, -7176, -7642, -8064, -7957, -7792, -7796, -7876, -8080, -8086, -7668, -7253, -7208, -7288, -7375]","[3702, 1933, -1098, -3470, 2448, 13695, 15404, 10174, 8332, 10124, 8809, 6414, 4567, 4458, 3383, 913, 620, 1297, 330, -996, 46, 925, -92, -542, 827, 882, 294, -248, 1054, 3537, 4846, 6795, 9091, 7622, 5962, 5517, 4676, 4779, 4654, 4792, 3559, 2888, 3713, 4129, 3257, 2572, 2513, 2668, 2631, 2848, 2389, 2210, 2479, 2277, 1958, 1858, 2129, 2087, 2086, 2315]","[-7486, -5301, -833, -2289, -5802, -4338, -4174, -5244, -5862, -3032, -2736, -2676, -3440, -684, 2012, 3251, 4403, 3661, 4960, 6926, 5868, 4043, 4437, 4591, 2989, 1093, -210, -2673, -7455, -11546, -15156, -18474, -18666, -15977, -14857, -14553, -13949, -13949, -11670, -10244, -8751, -6728, -5641, -4764, -3807, -2897, -2003, -1458, -661, -262, -721, -784, -683, -622, -309, -293, -704, -1022, -1110, -1257]","[-19361, -19830, -10698, 7334, 27960, 29695, 14998, 7514, 8381, 7182, 2299, 86, 1726, 1857, 544, 665, 885, 702, -66, -457, -985, -2405, -1955, -624, -1604, -2696, -1336, 845, 479, -3881, -9715, -13709, -16476, -11101, 545, 6665, 4135, 287, 1673, 2094, 1112, 4317, 6326, 4181, 1546, 775, 78, -684, -759, -1485, -1737, -363, -507, -1528, -1114, -963, -1615, -2085, -1907, -1848]","[28432, 32767, 32767, 32767, 32767, 32767, 32767, 32767, 32767, 32767, 27759, 25593, 25919, 24386, 19487, 15707, 12950, 9724, 7356, 5346, 789, -2267, -4151, -7365, -11515, -15967, -21000, -27098, -32768, -32768, -32768, -32768, -32768, -27238, -25618, -24230, -19744, -14264, -8858, -5598, -2800, -356, 707, 1676, 2487, 3387, 4431, 4571, 3883, 2365, 1819, 1758, 2072, 2500, 2225, 1186, 303, 307, 274, 129]","[4420, 9110, 10019, 6066, -1926, -9554, -7404, -5887, -6957, -5890, -4113, -3533, -3604, -3743, -2184, -823, -1729, -2007, -1586, -2766, -3725, -3327, -2664, -3340, -3893, -3533, -2647, -1539, -656, -972, -2582, -3791, -7252, -6892, -3234, -1011, -474, -2932, -2645, -1495, -1461, -1144, -583, -18, 528, 769, 661, -73, 287, 583, 565, 840, 657, 38, 238, 434, 237, -153, -272, -92]"
"[-24106, -32768, -32768, -32768, -32768, -32768, -32768, -32768, -32768, -28471, -22406, -17592, -13415, -9643, -7612, -6119, -4619, -3418, -2592, -2347, -2597, -2638, -4008, -5722, -7042, -8958, -12212, -15622, -18469, -21783, -23937, -23157, -20190, -16932, -16332, -13398, -13168, -12232, -7789, -7895, -7976, -7692, -7171, -7028, -6650, -6900, -7402, -7406, -7495, -8104, -8398, -7972, -7047, -6687, -6727, -7157, -6830, -6582, -6852, -7335]","[6901, 6334, 6216, 13840, 23724, 22975, 13011, 9339, 11679, 13390, 10543, 6354, 4368, 3341, 2402, 1782, 595, -1077, -2121, -1903, 6, -361, 85, 1576, 2295, 2288, 2066, 2367, 4644, 6731, 6936, 7567, 8790, 7339, 7702, 8244, 7796, 7914, 6341, 5310, 5476, 5546, 4183, 2682, 2475, 3257, 3138, 2489, 2503, 2914, 2867, 2323, 1987, 2367, 3156, 3530, 2885, 2780, 3105, 3312]","[-7674, -7853, -7586, -7902, -3265, -2279, -2886, -792, 209, 29, 926, 2115, 1280, 2588, 4144, 5327, 7300, 8160, 10214, 11850, 11760, 10588, 7989, 4685, 1692, -550, -2282, -4783, -7617, -13815, -14183, -17023, -18640, -15515, -13921, -12820, -10930, -10919, -10660, -8698, -7515, -6326, -5374, -4332, -2979, -2014, -1380, -1640, -2160, -1997, -1320, -885, -724, -365, -61, -188, -1042, -1357, -1275, -1248]","[5928, 7967, 16269, 21455, 12014, -3554, -7710, 261, 6852, 8106, 6468, 5921, 6371, 6324, 3722, 613, -2078, -1983, 473, 610, -3369, -5282, -3282, -1527, -1194, -1180, -687, 109, -3888, -10581, -11163, -10331, -9007, -3843, -2608, -825, 4919, 3717, 344, 2304, 6465, 6501, 3385, 1398, 2595, 2943, 1640, 565, -418, -2271, -4099, -4428, -2499, -19, 486, -1270, -1282, 391, 664, -996]","[23492, 31394, 32767, 32767, 32767, 32767, 32767, 32767, 32767, 32078, 31030, 26356, 21204, 20994, 19703, 16844, 13808, 11241, 9365, 4410, -3033, -8188, -12519, -17237, -20679, -22598, -24861, -28480, -31675, -32768, -32768, -32768, -29724, -20528, -14503, -12207, -10242, -10023, -7738, -4513, -2534, -1218, 18, 1566, 3194, 3797, 2894, 1416, 1816, 3544, 4297, 3647, 3416, 3320, 2336, 455, -644, -163, 482, -11]","[-443, -2376, -7361, -17372, -19520, -9454, -1462, -1351, -2331, -4, 1935, 2443, 2569, 1616, 51, -623, -1392, -1457, -1899, -2694, -3653, -4363, -4516, -4202, -3646, -3269, -3469, -3198, -4556, -6752, -6946, -6168, -6905, -4672, -5235, -7634, -4587, -1208, -1464, -1677, -575, 1048, 1976, 1491, 906, 1004, 1406, 1588, 1083, 566, 445, 427, 236, -27, -284, -38, 583, 593, 186, -314]"
"[-25978, -31460, -32768, -32768, -32768, -32768, -32768, -32768, -32768, -27663, -21636, -17237, -13641, -10319, -8039, -6262, -5432, -3823, -1592, -2292, -2640, -1217, -2087, -3344, -5211, -4401, -4985, -7865, -9883, -10671, -12856, -15626, -17442, -16482, -16624, -19117, -19397, -16771, -13446, -10292, -9269, -8126, -7564, -7764, -7999, -8476, -8060, -7985, -7853, -7741, -7416, -7089, -6648, -7078, -7298, -7321, -7368, -7548, -7489, -7431]","[6893, 8069, 5544, 5342, 8406, 10917, 12031, 11133, 7479, 4398, 2505, 2914, 2993, 1317, 72, 442, 483, -280, -401, 468, 1602, 979, 1979, 3220, 3311, 2404, 1394, 1851, 3685, 6043, 6749, 5146, 4663, 5842, 7376, 6957, 5882, 6497, 6557, 5276, 4462, 4795, 5021, 4230, 3600, 3589, 3311, 3473, 3596, 3543, 3135, 2693, 3034, 2836, 1982, 1433, 1816, 2124, 1980, 1807]","[6407, 7990, 7915, 6459, 5259, 4493, 2268, 1065, 2915, 2469, 824, 1136, 2412, 2602, 2168, 3180, 6216, 4114, 5264, 6537, 5765, 5410, 5215, 3691, 1536, -1473, -3272, -6569, -10757, -12670, -11219, -12035, -12187, -12373, -10212, -9128, -10963, -14890, -16591, -14999, -10913, -7981, -6369, -5334, -4760, -4170, -3663, -3297, -2719, -2319, -1962, -1873, -1624, -1092, -790, -707, -587, -646, -262, -303]","[10333, 7702, 9700, 17635, 18015, 11085, 4725, -1349, -5712, -3735, 1949, 5296, 3369, 1747, 4242, 7288, 5136, 6155, 7154, 4540, 1635, 539, -21, -2212, -3585, -6616, -6188, -3337, 348, 513, -3482, -2620, -219, -3435, -9424, -12583, -11384, -5284, 108, 2041, 3356, 4520, 3666, 3286, 4433, 4528, 3672, 2920, 2079, 1362, 626, 119, -967, -3328, -3307, -1614, 179, 235, -147, -449]","[28879, 32625, 32767, 32767, 32767, 32767, 32767, 32767, 32767, 29300, 25951, 23983, 20233, 17797, 16711, 17406, 12163, 7210, 9372, 8268, 1125, -2768, -4700, -8882, -14725, -19302, -21493, -25225, -28414, -27555, -25128, -26260, -29228, -28304, -23533, -22668, -25658, -26212, -21347, -10809, -1746, 1072, 664, 268, 485, 687, 1013, 1600, 2028, 1999, 1905, 2196, 3096, 3502, 3185, 3067, 3012, 2723, 2522, 1989]","[8085, 11574, 13447, 10863, 2779, -2595, -460, 1784, 5055, 8270, 8643, 7627, 6920, 6672, 5958, 4280, 3571, 4305, 2395, -1195, -1623, -381, -1643, -3548, -3298, -1617, -2539, -4637, -4255, -3710, -4640, -3522, -571, -1157, -4275, -5288, -4532, -4247, -2747, -1208, -2730, -2813, -1711, -97, 989, 871, 217, 189, 208, 533, 446, 362, 592, 571, 479, 653, 974, 808, 919, 1047]"
"[-26043, -31162, -32768, -32768, -32768, -32768, -32768, -32768, -32768, -32713, -28072, -22110, -17562, -15001, -11867, -8610, -6218, -5644, -4654, -3340, -2443, -3095, -4333, -4657, -5492, -6364, -7835, -10189, -13511, -16491, -17857, -18879, -20829, -20665, -19296, -18612, -16836, -16494, -14379, -11697, -9432, -9185, -8737, -8251, -7929, -7548, -7130, -6617, -7323, -8336, -8201, -7786, -7450, -7625, -7999, -8293, -9260, -9728, -9329, -7953]","[4257, 5466, 6939, 7016, 5763, 6730, 9605, 9242, 6656, 4674, 4889, 4726, 3814, 3088, 2607, 2055, 1782, 1649, 1888, 1500, 915, 1975, 2767, 885, 455, 755, 1245, 2149, 1654, 2714, 5456, 6228, 5840, 6356, 6543, 5936, 4379, 4920, 5743, 5517, 5298, 5136, 4711, 4448, 4202, 3954, 4050, 3986, 2888, 2209, 2243, 2619, 2518, 2176, 2075, 1974, 1876, 1924, 1747, 1492]","[-266, -302, -1290, -1359, -1975, -1940, 209, 763, -596, -262, 561, -846, -1163, -382, 835, 1175, 1702, 2905, 4537, 4691, 5566, 7780, 10042, 8575, 6516, 2651, -1587, -4054, -6575, -10727, -12305, -11450, -10999, -10909, -10375, -9927, -8676, -7399, -8961, -9248, -8505, -7140, -5915, -5152, -4587, -4224, -3398, -2243, -915, 221, 409, 116, -26, 240, 329, 245, 358, 514, 110, -233]","[-2821, -2160, -2819, -4039, -1348, 6158, 6348, 1172, -1022, 1903, 3142, 3163, 4137, 5893, 5353, 4550, 3732, 3396, 1124, -686, 24, -310, -3675, -3271, -766, 528, 1156, -85, -527, -283, -4537, -9358, -10683, -10758, -11322, -9201, -1804, -3, -4872, -5560, -1994, 445, 413, -18, 151, 746, 1172, -59, -365, 473, 552, -198, -1090, -1554, -1948, -2181, -1737, -1374, -1154, -1198]","[32767, 32767, 32767, 32767, 32767, 32767, 32767, 32767, 32767, 32767, 27874, 23632, 24626, 24768, 20151, 17499, 17975, 17285, 12684, 9371, 9152, 8393, 2231, -7229, -17285, -25331, -29949, -31397, -32768, -32768, -32768, -30226, -27127, -25553, -21785, -18506, -16015, -14858, -14917, -12284, -8294, -4247, -1697, -228, 868, 1934, 3582, 5839, 7068, 5937, 3910, 2983, 3506, 3942, 3790, 3947, 4040, 3132, 1861, 2096]","[-1603, -938, 89, 401, 383, -506, -2599, -716, 1496, 1815, 1566, 2117, 2296, 1559, 1361, 1802, 409, -1301, -1716, -1149, -1323, -3469, -4632, -2552, -218, 413, 82, -787, -1067, -1243, -3104, -4694, -5018, -5460, -5207, -5394, -3991, -2713, -4389, -4877, -3554, -2977, -2724, -1637, -638, -200, 10, 617, 1671, 1885, 1654, 1739, 2188, 2413, 2414, 2614, 2733, 2778, 2849, 2606]"
"[-24237, -32768, -32768, -32768, -32768, -32768, -32768, -32768, -32768, -32768, -27103, -22993, -19498, -15964, -12449, -9463, -7469, -5841, -3885, -2583, -1634, -1140, -1013, -1919, -2428, -2836, -4540, -6978, -8693, -10910, -15180, -18770, -21503, -23714, -25628, -27296, -22422, -16309, -15849, -13468, -11106, -10001, -8815, -8100, -7264, -6570, -6004, -6283, -6512, -7231, -8108, -8813, -8324, -8118, -8186, -8411, -8491, -8749, -8559, -8398]","[8611, 11157, 10273, 9333, 13343, 17007, 14397, 10584, 10650, 10718, 8830, 7878, 7770, 6566, 5033, 4305, 3782, 3509, 2648, 1685, 1407, 1457, 897, 817, 1070, 1209, 1642, 2573, 2514, 2476, 4209, 5632, 6931, 9637, 10641, 9389, 7374, 7346, 8843, 9098, 7610, 7403, 7051, 5239, 4270, 4372, 4415, 4056, 3622, 3558, 3987, 4124, 3535, 3158, 3200, 2527, 1835, 2468, 3066, 2733]","[-10095, -10774, -12106, -13155, -13106, -13173, -10943, -7560, -7819, -7965, -5810, -4524, -2717, -398, -189, 1043, 2114, 3144, 4710, 4718, 4749, 6396, 7731, 6638, 4995, 4488, 3027, 635, -1472, -3289, -6615, -9347, -11529, -14038, -13472, -15461, -17634, -14000, -12475, -11929, -9781, -8610, -8364, -7494, -6181, -4955, -4103, -3487, -2708, -2122, -1892, -1965, -2236, -2117, -1860, -1673, -1372, -1244, -1344, -1442]","[7543, 3205, -2055, -841, 1773, 58, -237, 1397, 1127, 1718, 5596, 7957, 7987, 6887, 6563, 6442, 5113, 4173, 3114, 2621, 3246, 2218, 810, 863, 1302, 695, -411, -2014, -2896, -3121, -6079, -10140, -13951, -17984, -18193, -12953, -14, 8974, 3591, -1222, 2390, 4567, -835, -4900, -3608, -1482, -1403, -1867, -1895, -1718, -2798, -5190, -5124, -3309, -2832, -4199, -3517, -2797, -4396, -5763]","[32767, 32767, 32767, 32767, 32767, 32767, 32767, 32767, 28355, 24292, 23150, 22408, 22501, 20900, 18000, 17475, 15886, 13016, 10657, 7830, 6290, 5180, 2731, -2415, -6558, -9629, -13680, -18588, -23173, -27156, -31273, -32768, -32768, -32768, -32768, -32768, -32768, -22493, -14239, -10318, -7679, -6355, -4355, -654, 2706, 4944, 5752, 6465, 7270, 7629, 7095, 5521, 4993, 5150, 5601, 5824, 6219, 5977, 5563, 5207]","[-6591, -5348, -4602, -4123, -6550, -3189, 1685, 1831, 1253, 4205, 6368, 5714, 4403, 4302, 4078, 2745, 1488, 1628, 1464, 1054, 317, -926, -1971, -2151, -1581, -1992, -2681, -3089, -2722, -2651, -4058, -5733, -7424, -11066, -13489, -11562, -6883, -4688, -6907, -8720, -5338, -1971, -1601, -2020, -1947, -1431, -807, -251, 184, 276, -28, 122, 1645, 3058, 3238, 2815, 2884, 2200, 1366, 1233]"
"[-25192, -32768, -32768, -32768, -32768, -32768, -32768, -32768, -32768, -32768, -28013, -22078, -17637, -14482, -11514, -9152, -6742, -5027, -4086, -2690, -1233, -258, 301, 1124, 2635, 4004, 4968, 4739, 4769, 4573, 2634, 1704, 1722, 629, -879, -1196, -2521, -4648, -6451, -7192, -9896, -12255, -13454, -12213, -13699, -14902, -12761, -9686, -8321, -7525, -6913, -6380, -6368, -6792, -7223, -7548, -7658, -7573, -7580, -7645]","[5993, 4704, 4414, 6659, 11018, 15953, 15321, 12580, 12723, 13247, 10781, 8770, 7482, 7150, 6605, 3932, 2437, 3031, 2442, 1078, 953, 1577, 1859, 1377, 681, 896, 2004, 2497, 1189, 764, 1782, 2425, 1839, 1561, 1648, 1651, 2098, 2092, 915, 1856, 2372, 3347, 6104, 9250, 9648, 9117, 7710, 6421, 5744, 5380, 5700, 5576, 4559, 3896, 4074, 4429, 4274, 4022, 3807, 3237]","[-1434, 3082, 6595, 6767, 6879, 9512, 6540, 3065, 1709, 3618, 1602, 351, 13, -85, 0, 1238, 1474, 2308, 3729, 4021, 3340, 3058, 3585, 3261, 2441, 1217, -290, -2318, -4449, -5567, -6145, -5601, -4771, -4898, -4965, -4649, -4559, -5012, -6845, -7964, -8578, -10034, -10216, -10572, -9176, -9164, -9998, -9652, -8041, -7145, -6088, -4968, -4328, -3788, -3454, -3188, -3217, -3197, -3191, -2914]","[-10388, -13351, -7605, 2778, 8647, 5231, -1433, 477, 3915, 3175, 4101, 8170, 10637, 9491, 5177, 2840, 4762, 5024, 2637, 2272, 2809, 1940, 632, -547, -340, 427, 627, -940, -927, 54, -674, -2267, -2816, -2972, -1999, -1036, -878, -983, 1664, 1402, -3635, -4825, -7092, -14311, -16773, -13931, -7431, 2433, 10608, 10585, 7016, 2559, -540, -1841, -2416, -3124, -3319, -2724, -2014, 81]","[32446, 32767, 32767, 32767, 32767, 32767, 32767, 32767, 32767, 32767, 28483, 26930, 26243, 23129, 20888, 19270, 17241, 15744, 13359, 9067, 6365, 5443, 3506, 453, -1809, -3801, -5801, -8433, -10144, -10194, -10101, -10190, -10820, -11976, -12917, -13314, -15004, -17876, -21432, -22499, -22653, -23599, -23476, -20274, -16933, -17004, -16480, -13046, -8352, -5522, -3148, -1029, 498, 1478, 1882, 1839, 1872, 2220, 2832, 3136]","[-2347, 947, 2017, 968, -2275, -2527, -22, 1308, -1053, 605, 4243, 4348, 3610, 2361, 1741, 2355, 2311, 1104, 1050, 1206, 543, -443, -1189, -1226, -1462, -2507, -2832, -2613, -1704, -1693, -3218, -3711, -3166, -3723, -4346, -4367, -4617, -4787, -3487, -3222, -5813, -7321, -6983, -8890, -10793, -8678, -6710, -5180, -3237, -2998, -3245, -2648, -2109, -2133, -2087, -1456, -727, 24, 853, 1626]"
"[-24238, -30593, -32768, -32768, -32768, -32768, -32768, -32768, -32768, -26706, -21251, -17001, -14011, -11585, -9526, -7799, -6177, -4448, -3277, -1795, -1179, -1738, -2121, -2518, -3453, -5410, -7657, -9673, -12118, -15850, -17849, -17963, -18898, -21066, -17620, -12453, -12329, -12829, -12989, -9491, -8508, -8883, -8333, -8184, -8804, -9197, -9031, -8460, -8153, -7982, -7783, -7596, -7783, -7976, -8211, -8053, -7868, -7910, -7974, -7865]","[4698, 4801, 6738, 9475, 11129, 11588, 11297, 10017, 7993, 6245, 5523, 5162, 4904, 3890, 3371, 2568, 2102, 1244, 601, -72, 10, 837, 1164, 810, 680, 1307, 1337, 854, 1985, 4327, 6693, 7652, 7763, 7209, 5801, 6083, 5341, 5282, 5605, 5997, 5621, 5465, 4790, 4457, 4175, 4124, 4147, 3783, 3399, 3160, 3164, 2745, 2301, 1900, 1494, 1419, 1658, 1880, 2001, 1941]","[-3948, -4423, -4928, -6140, -6265, -5580, -4922, -4311, -3250, -2626, -2339, -2334, -1379, -795, 487, 1782, 2664, 5125, 5466, 6579, 8174, 7911, 7791, 7168, 5949, 3932, 241, -4387, -9689, -12280, -15648, -14386, -12827, -12731, -15947, -13028, -8975, -6769, -7807, -6863, -5156, -4248, -4309, -3232, -2369, -2085, -2213, -2589, -2504, -2027, -1550, -1159, -761, -453, -309, -365, -489, -523, -542, -659]","[-4046, -1662, 4936, 12602, 15465, 12150, 9385, 8685, 7738, 7086, 6568, 5766, 3888, 2238, 1223, 329, 292, 190, -622, -141, 339, -531, -1384, -1607, -798, -480, -1205, -768, -561, -5388, -13391, -18162, -16908, -11560, -1765, 4246, 1765, -2914, -7059, -4619, 787, 2166, 771, 579, 1549, 1391, -274, -1401, -333, 1825, 2516, 1917, 962, -105, -1162, -1965, -3172, -4786, -6518, -7835]","[32305, 32767, 32767, 32767, 32767, 32767, 32767, 32767, 32767, 31032, 26992, 25028, 24229, 21810, 20144, 18228, 16268, 14551, 10624, 8570, 6818, 2709, -2546, -8348, -13585, -20022, -27428, -32768, -32768, -32768, -32768, -32768, -27987, -28205, -30033, -18203, -9677, -7197, -8416, -6089, -3652, -2925, -2142, -78, 859, 333, -682, -604, 795, 2390, 3470, 4260, 4816, 4603, 3818, 2746, 2137, 1734, 1180, 928]","[10666, 9382, 5355, 5430, 5462, 2530, 1151, 1661, 2212, 2302, 1615, 493, -492, -305, -181, -173, 184, 155, -150, -771, -2516, -3869, -3487, -2563, -2061, -1915, -1524, -753, -873, -2775, -5730, -7946, -9860, -11360, -8961, -4480, -6498, -9072, -11329, -9530, -5315, -3624, -3716, -2635, -1518, -1032, -714, -172, 626, 1460, 1961, 2595, 2931, 2843, 2458, 1860, 1285, 751, 319, 376]"
"[-24395, -32768, -32768, -32768, -32768, -32768, -32768, -32768, -32768, -32768, -25906, -21412, -18142, -14143, -10314, -7273, -5355, -4097, -2413, -486, 528, -505, 453, 880, -468, -1486, -2043, -2852, -4619, -7212, -9995, -13109, -14764, -17111, -19075, -20227, -21019, -20063, -15099, -12581, -12109, -11179, -9993, -8861, -8397, -7869, -7117, -7018, -7315, -8043, -8268, -7974, -7869, -7820, -7796, -7856, -7645, -7788, -7721, -7609]","[4086, 3324, 2287, 5435, 11139, 15626, 16349, 13052, 11853, 11641, 10414, 9062, 8612, 6318, 3478, 3258, 4061, 3021, 1027, 599, 1012, 842, -957, -1898, -1634, -328, 307, 212, 736, 2341, 3200, 4053, 5529, 6281, 7738, 8439, 7063, 6412, 6135, 6615, 7517, 6778, 5597, 5361, 5283, 5303, 5100, 4141, 3436, 3401, 3071, 2456, 2038, 2063, 2140, 1971, 2017, 1851, 1614, 1577]","[838, 997, 2429, 4266, 6621, 7927, 5201, 4028, 3625, 2887, 1674, 822, 983, 2204, 2413, 1785, 2442, 4736, 4552, 3785, 4387, 6183, 6850, 7850, 7769, 7087, 5064, 2739, 334, -2051, -4464, -7847, -9608, -10211, -11668, -10861, -10420, -12706, -12172, -9717, -9002, -8076, -7093, -6365, -5409, -4638, -4618, -4187, -3701, -3088, -2653, -2412, -1925, -1399, -1012, -981, -1060, -788, -647, -545]","[-6333, -5797, 779, 11262, 14507, 8754, 129, -437, 1702, 2806, 6474, 6779, 2054, -1869, 1201, 3943, 1948, -1535, -771, 2236, 2392, -565, -647, 1260, 1201, -512, -2130, -797, 550, -39, -1548, -3461, -7065, -11096, -12488, -9319, -4109, -824, 3356, 5507, 800, -3137, -2620, 207, 3086, 4224, 2156, -294, -1523, -2291, -3147, -3374, -2930, -2367, -2492, -2271, -1593, -886, 701, 2887]","[29285, 32767, 32767, 32767, 32767, 32767, 32767, 32767, 32767, 32139, 29950, 29026, 26276, 22180, 19497, 18655, 17981, 15364, 11006, 9139, 10132, 7282, 3223, 1492, -2542, -8423, -13785, -18055, -21617, -25016, -28198, -30328, -29579, -28691, -27601, -25609, -25754, -26536, -20535, -13353, -9466, -7848, -5396, -3159, -1988, -1923, -1488, 156, 1798, 2743, 3012, 3729, 5055, 5567, 5249, 4431, 4117, 3818, 3164, 2441]","[3281, 3414, 2537, 686, -5014, -6559, -4034, -1635, -722, -1046, 745, 1160, 912, 2031, 3441, 2243, 854, 1179, 1967, 1644, 239, -368, 84, -590, -2522, -3554, -4163, -4287, -4364, -5072, -5030, -4196, -5374, -7732, -9828, -9302, -7572, -7703, -6737, -5208, -6041, -5973, -4699, -3839, -3424, -1780, -553, -8, 22, -30, 363, 899, 906, 605, 368, 618, 1132, 1384, 1044, 844]"
"[-23160, -26994, -32125, -32768, -32768, -32768, -32768, -32768, -32768, -32768, -27940, -23268, -18168, -14590, -11716, -9474, -7483, -4691, -3179, -3332, -2085, -1497, -1749, -1309, -1240, -2316, -3525, -5183, -8207, -9922, -13141, -15418, -17839, -18722, -20640, -20679, -19501, -18081, -16869, -15126, -12626, -10418, -9775, -8806, -7578, -7385, -8120, -8665, -8448, -8185, -7860, -7910, -7899, -7585, -7736, -8347, -7869, -7615, -8143, -8173]","[5888, 5769, 6223, 5834, 5980, 4847, 8023, 12230, 11574, 7294, 4726, 5634, 5330, 3885, 3153, 3396, 3012, 2164, 2104, 2114, 2005, 866, -136, 462, 1726, 990, 51, 43, 879, 1441, 3202, 3916, 4124, 3922, 3589, 4801, 5079, 5071, 4945, 4195, 3403, 3453, 2835, 2746, 3088, 3266, 2677, 1475, 1695, 2469, 2218, 1081, 150, 728, 1213, 706, -127, -483, -90, 657]","[1160, 1178, 377, -1067, 2467, 5243, 7318, 9197, 8979, 7710, 4834, 2299, 2223, 2734, 2762, 3594, 3879, 3895, 4366, 4478, 6567, 7539, 5730, 3510, 3818, 4262, 3370, 1758, -1140, -4612, -9236, -12034, -12603, -13879, -13800, -13127, -11900, -11022, -10160, -9849, -9412, -7807, -5844, -4759, -3502, -1537, -199, -197, -379, -593, -288, -212, -453, -320, 469, 1119, 955, 1035, 1333, 1742]","[-2854, -3998, -6418, -9538, -6344, 2956, 12774, 13357, 7968, 4350, 5901, 7518, 7044, 7224, 8225, 8648, 7648, 7023, 4984, 3118, 1404, -1561, -1627, 137, -1391, -4396, -5480, -6038, -7202, -6388, -3275, 903, 5447, 4327, 386, -5544, -8907, -8831, -8701, -6190, -203, 3767, 2985, 1691, 790, -379, -1856, -650, 2790, 3304, 1317, -136, 788, 2720, 1495, -901, -1488, -82, 1192, 1182]","[25677, 26229, 30893, 32767, 32767, 32767, 32767, 32767, 32767, 32767, 29882, 25917, 24141, 22611, 20598, 17307, 13661, 11954, 11569, 10262, 8469, 4157, -955, -3690, -3802, -6407, -11084, -15749, -21176, -26379, -31021, -32768, -32768, -32107, -29596, -26967, -23912, -20922, -18404, -16389, -13422, -8073, -4203, -2217, 20, 1956, 1618, -187, -1006, -1076, -689, -531, 301, 1802, 3102, 2738, 1961, 2648, 2946, 2491]","[-495, 3208, 7467, 9644, 11854, 13382, 9182, 5306, 6141, 7132, 6698, 4883, 4694, 4550, 3705, 3208, 3878, 3651, 1779, 598, 580, 22, -684, -1238, -2418, -3473, -4109, -5242, -7006, -8907, -9395, -8578, -5346, -1919, -2226, -4201, -5275, -5005, -5528, -6181, -4967, -3093, -3437, -3605, -2912, -1868, -1310, -1164, -558, -78, 496, 993, 1122, 1004, 1255, 1458, 1268, 1304, 810, 834]"
"[-23453, -27718, -32768, -32768, -32768, -32768, -32768, -32768, -32768, -29005, -26753, -23761, -17990, -13531, -10899, -9151, -6760, -4660, -3301, -2708, -1306, 171, 1432, 2649, 3371, 3234, 3567, 4503, 3971, 2949, 2184, -34, -2769, -3886, -7070, -10807, -12902, -14518, -17054, -21740, -23080, -23995, -23437, -20436, -18197, -13604, -11202, -8462, -7125, -6267, -6310, -6624, -6931, -7310, -7526, -7427, -7899, -8566, -8558, -8291]","[8633, 7782, 6749, 8800, 9826, 10887, 13237, 15205, 10760, 7660, 8971, 11656, 10463, 8347, 7551, 7592, 6226, 4686, 3484, 3654, 3052, 1516, 800, 1217, 923, 461, 265, 74, 24, 467, 1054, 1161, 542, 575, 1345, 1826, 2134, 2239, 3531, 5787, 8364, 12162, 13069, 8623, 6833, 8470, 10544, 9706, 6692, 4285, 4172, 5076, 5502, 4892, 3566, 2929, 3315, 3600, 2611, 2544]","[-1167, 402, 2842, 7562, 7548, 5626, 5034, 6737, 4322, 1928, -270, -446, -2555, -3697, -3311, -2553, -1152, -167, 639, 1821, 3214, 4414, 4580, 4691, 5081, 5585, 5058, 3837, 3372, 3121, 3219, 3150, 1565, -217, -2932, -5684, -7222, -8111, -8008, -8545, -9988, -12137, -12125, -11426, -11403, -11503, -11027, -9676, -8033, -6218, -4876, -3945, -3202, -2973, -2974, -2282, -1541, -1130, -1443, -1663]","[1774, -1248, 1507, 9041, 16338, 14465, 11595, 3797, -600, 4696, 12986, 13677, 10889, 9194, 8849, 5854, 1369, -27, 1275, 3164, 2230, -253, -750, -773, -1738, -1900, -1406, -1176, -1139, -1756, -1957, -2066, -1325, 847, 2516, 2066, -1911, -7058, -11936, -17408, -21442, -23540, -19710, -5120, 9152, 13713, 8740, 951, -2834, -388, 3524, 4684, 2901, 522, 52, 2832, 5300, 5594, 6474, 8258]","[32585, 32767, 32767, 32767, 32767, 32767, 32767, 32767, 32524, 32373, 31459, 25236, 20954, 21429, 23458, 23305, 21603, 20410, 19246, 16435, 13030, 10441, 7590, 5204, 3719, 1332, -2135, -4300, -5201, -6168, -7927, -11877, -17474, -22112, -26931, -31778, -32768, -32768, -30423, -29223, -28131, -27359, -25889, -22745, -19216, -14311, -9867, -4928, -486, 3066, 4914, 5198, 4462, 3769, 4053, 5198, 5548, 4519, 3618, 4143]","[2423, 3479, 2080, 473, 191, -3465, -6839, -3711, 441, -265, -3227, -1938, 470, -756, -2035, -2392, -1475, -1116, -789, 106, 775, 630, -470, -1180, -999, -1330, -1697, -1533, -1930, -3109, -3850, -3120, -1958, -1086, -143, 1300, 1504, -375, -4055, -8655, -11812, -15005, -15662, -8989, -6548, -7695, -6950, -4309, -2308, -1881, -1854, -1310, 539, 1857, 2433, 3115, 3853, 4342, 4576, 4298]"
"[-20827, -24024, -22716, -25181, -27774, -31974, -32314, -32608, -32768, -31545, -28734, -25721, -23041, -21017, -17861, -15021, -12594, -10085, -7359, -5410, -3645, -2198, -898, 365, 618, 1206, 2191, 2388, 2208, 1982, 2542, 2184, 1644, 1067, 302, -224, -510, -1953, -4078, -5451, -5499, -7552, -10265, -10864, -11426, -13284, -15016, -13930, -12344, -13428, -12394, -9563, -8536, -8832, -8547, -7697, -7789, -8403, -8474, -7713]","[3434, 7799, 5966, 4450, 6781, 8172, 6206, 4626, 6311, 7443, 6179, 5599, 6134, 5950, 4903, 4092, 4046, 3921, 3312, 2500, 2108, 1951, 1369, 587, 569, 737, 787, 532, 648, 1045, 450, 232, 824, 1246, 1470, 1701, 1307, 695, 793, 897, 1880, 2669, 2268, 2592, 4453, 5194, 4388, 4507, 5136, 5073, 4912, 4478, 4314, 4864, 5095, 4160, 2989, 2812, 3363, 3397]","[-1720, -515, -321, -884, -808, -1423, -2084, -1650, -499, -708, -2476, -3361, -3025, -2911, -2851, -2517, -2458, -2255, -2330, -2131, -1877, -934, -272, 699, 1328, 1565, 1563, 1790, 2246, 2687, 2348, 2155, 2146, 2000, 1079, -982, -2998, -4339, -5644, -7458, -8247, -8347, -8508, -8945, -9868, -9238, -8790, -10342, -10326, -9019, -9969, -10056, -8310, -6463, -5268, -4616, -3065, -2119, -1949, -2449]","[7329, -1862, -7049, -4177, -5039, -10461, -8947, -3740, -2255, -3199, 1171, 4372, 1628, -2686, -2365, 119, 637, -229, 546, 1748, 1984, 870, 800, 1796, 1421, 332, 567, 1293, 1833, 1069, 844, 1585, 1723, 1586, 1565, 1084, 193, 121, 433, 212, -1168, -4373, -5342, -5896, -8191, -8585, -7754, -8324, -6682, -3204, -2706, -2474, -35, 911, -1759, -4214, -1992, 1491, 2161, -136]","[24419, 22297, 24208, 24838, 24651, 23932, 26491, 30458, 29743, 25138, 22688, 23764, 25598, 24990, 24586, 23842, 21862, 19140, 17142, 16244, 15416, 14129, 13128, 12032, 9441, 6113, 4828, 4580, 3487, 460, -1806, -2500, -3694, -6434, -10147, -14241, -16637, -17951, -19674, -21364, -21093, -19660, -20411, -21514, -21156, -20369, -21477, -21902, -18402, -15668, -15531, -12370, -6272, -1822, -162, 1327, 3384, 3160, 606, -1869]","[-14786, -16016, -14618, -10696, -11413, -10395, -6258, -4753, -6157, -4194, -117, 223, -2091, -2728, -1360, -359, -897, -742, 812, 1652, 884, -7, 632, 1022, 166, -564, -11, 253, -193, -240, 157, -192, -1066, -1259, -416, 870, 1631, 1243, 727, 1064, 719, -870, -1589, -1245, -3323, -4718, -2670, -2320, -4380, -3085, -2084, -2625, -2839, -2731, -2173, -2169, -1826, -918, -380, 351]"
"[-7825, -10088, -11124, -15830, -20114, -24637, -32768, -32768, -32768, -32768, -32768, -32768, -32768, -32768, -32768, -32768, -26779, -21754, -18856, -14883, -10347, -6865, -6447, -5400, -3542, -3408, -3693, -4039, -5498, -7675, -10421, -14117, -17169, -18338, -20063, -22160, -21536, -18817, -19191, -18057, -12028, -8544, -10147, -9654, -8285, -7237, -6969, -6824, -6317, -7038, -7836, -7723, -7609, -7953, -7465, -6904, -7681, -7970, -7591, -7403]","[2264, 2239, 3612, 5263, 6797, 7782, 9048, 10461, 7687, 9142, 15806, 21341, 16830, 11822, 11793, 9791, 7569, 7507, 6133, 2410, 831, 1361, 1786, 35, -161, 243, 509, 1197, 1005, 739, 1274, 1939, 4176, 6715, 8072, 7546, 8085, 10086, 10327, 8236, 6347, 5192, 5780, 6097, 4392, 2982, 3512, 4658, 4418, 2978, 1985, 2595, 3149, 2661, 2484, 3073, 2986, 2634, 2772, 2832]","[-12312, -14145, -14476, -13351, -11718, -8989, -4636, -1, -1036, -860, -2445, -1657, -3442, -3161, -1899, -2195, -1239, 13, 2654, 5964, 7031, 6137, 9241, 8944, 8175, 7510, 6726, 6043, 4433, 1877, -869, -5509, -11561, -15583, -16315, -15746, -16722, -15262, -13362, -14480, -14600, -11374, -8205, -7179, -6748, -6062, -4806, -3041, -1652, -861, -374, -91, -475, -690, -1173, -780, -212, -135, -395, -515]","[-2217, -1961, 440, 1446, 177, -3273, -6464, -10070, -3464, 17511, 25723, 14158, 1243, -4083, -3852, 839, 6430, 6465, 3318, 4394, 6249, 6344, 908, -380, 1269, 942, 532, -2138, -5205, -4206, 202, 6366, 7349, 457, -7402, -10093, -14047, -12525, -8145, -6389, -2352, 3432, 5481, 2285, -257, 1675, 4473, 3740, 278, -1965, -359, 2086, 1841, 1598, 2165, 881, -737, 858, 2722, 2100]","[-7632, 58, 9378, 17073, 23271, 32767, 32767, 32767, 32767, 32767, 32767, 32767, 32767, 32767, 32767, 31529, 30050, 28195, 24554, 20238, 14726, 12662, 10034, 5024, 1956, -1028, -5859, -9997, -15003, -20464, -26204, -32768, -32768, -32768, -32768, -32768, -32383, -27067, -24104, -24029, -18647, -8870, -3244, -2872, -2919, -1074, 1652, 3255, 3854, 3836, 2561, 1036, 350, 123, 162, 1739, 2032, 1166, 410, 680]","[-4398, -5432, -6618, -6342, -4568, -1519, 1181, 6523, 11012, 7466, -16, -4477, -3331, -2705, -419, 4524, 6603, 4769, 5304, 7317, 5605, 2518, 194, -113, -1032, -2103, -1780, -2906, -5006, -5961, -6377, -5841, -4002, -2909, -4434, -4468, -5185, -7591, -5677, -2446, -772, -2469, -3082, -2168, -281, -128, -978, -765, 376, 674, 72, -39, 337, 530, 314, -142, -708, -62, 952, 893]"
"[-18034, -29814, -32768, -32768, -32768, -32768, -32768, -32768, -32768, -32768, -32768, -31942, -24553, -19893, -16509, -13417, -11159, -8699, -5818, -3906, -2633, -1331, -1348, -2400, -1768, -1069, -2259, -2999, -3612, -5957, -8097, -10818, -15026, -17004, -17125, -19299, -19712, -19679, -17582, -13230, -9902, -7482, -6188, -6060, -6589, -6469, -6001, -5486, -5870, -6955, -7919, -7751, -7253, -6926, -6309, -6869, -7669, -7497, -7068, -6683]","[7289, 4926, 738, -4250, -2756, 4209, 7191, 3583, 761, 1754, 3701, 3684, 1719, 565, 934, 1283, 492, -842, -1536, -1650, -1358, -1730, -1736, -633, 193, -240, -21, 691, 352, -6, 389, 672, 2571, 6401, 9286, 10734, 13760, 13811, 10622, 9682, 9378, 9570, 8665, 7429, 6385, 4758, 3199, 2597, 3124, 3480, 2771, 1799, 1910, 2722, 3118, 3166, 3280, 3301, 3405, 3404]","[-12175, -9243, -4642, -3066, -1526, -860, -366, 1112, -2857, -5957, -4214, -2167, -3091, -3068, -2688, -677, 1529, 2357, 2377, 3238, 4413, 5050, 8517, 9984, 8982, 7798, 5952, 3603, 2343, 961, -1043, -3903, -8349, -15016, -16156, -17250, -17271, -15852, -16790, -18660, -16211, -14552, -12026, -8743, -6810, -6389, -5647, -4961, -3988, -2299, -1411, -1698, -1729, -1652, -1534, -1213, -1384, -1928, -1890, -1865]","[-7622, -14856, -13603, -6887, 1775, 5266, 6084, 6371, 9347, 13256, 12786, 5024, 456, 38, -1116, -4191, -6657, -3759, 1705, 4873, 5402, 5261, 4634, 3345, 2078, 2106, 2420, 1418, 937, 788, 275, 82, -2340, -8644, -15876, -21544, -22908, -18840, -6806, 6655, 12120, 4923, -657, 2026, 4977, 3094, 1397, 1541, 1300, 147, -1464, -1515, 881, 2795, 3702, 3055, 1940, 2077, 2931, 3866]","[20321, 31777, 32767, 32767, 32767, 32767, 32767, 32767, 32767, 32767, 32767, 32303, 28259, 26849, 25827, 24980, 21780, 17076, 13885, 12501, 9996, 8553, 10077, 5733, -2118, -6638, -10735, -14162, -17227, -21038, -25780, -31142, -32768, -32768, -32768, -29851, -24748, -22533, -24142, -23231, -16430, -9024, -2751, 1181, 938, 51, 692, 2474, 4454, 5319, 3706, 1226, 1100, 685, 989, 710, -198, -320, 271, 657]","[10982, 16280, 23006, 26681, 21778, 19739, 21570, 22824, 19926, 14867, 10259, 7991, 7348, 5763, 4273, 3310, 3214, 4798, 6446, 6426, 5503, 4404, 1565, -1212, -654, 538, 69, -412, -327, -593, -1481, -1065, -1630, -3952, -5791, -8229, -11976, -10454, -6373, -3504, -1309, -2169, -4493, -2273, 939, 1970, 1971, 1125, 150, 411, 1183, 1050, 926, 713, 1274, 1430, 1041, 1105, 1263, 1482]"
"[-25336, -32768, -32768, -32768, -32768, -32768, -32768, -32768, -30142, -24375, -18233, -14029, -11018, -8274, -5899, -3265, -955, -337, -486, 875, 1706, 671, -102, 61, -239, -878, -2394, -3886, -5935, -9225, -12344, -15083, -17787, -20931, -23058, -23023, -20097, -18891, -17621, -14314, -10611, -7744, -7001, -7712, -8496, -7827, -6909, -6424, -6669, -7242, -7462, -7470, -6925, -6771, -6943, -7278, -7371, -7473, -7565, -7607]","[10218, 12881, 17160, 19825, 21757, 22951, 17829, 12305, 10741, 12236, 11165, 7297, 3738, 2942, 2661, 1404, 428, 761, 719, -269, -33, 109, 281, -36, -179, 629, 1698, 1847, 863, 1590, 2861, 5198, 7198, 8009, 8679, 9132, 6316, 7798, 8286, 6566, 5768, 6426, 6890, 7163, 6440, 5039, 4222, 4238, 4352, 4139, 3764, 3316, 2854, 3172, 3394, 2924, 2504, 2933, 3041, 2637]","[-2168, -1669, -1810, -2186, -1764, 222, -90, 212, -931, -939, -330, 1406, 3479, 4341, 4337, 4638, 4466, 5127, 5469, 5979, 7232, 7458, 7376, 7277, 6128, 4895, 4429, 3900, 1604, -2163, -5766, -9473, -11027, -11842, -13893, -15454, -15897, -13497, -14281, -13108, -12178, -11197, -8628, -6041, -4659, -4589, -4051, -3442, -2691, -1872, -1408, -1214, -1278, -1095, -724, -446, -411, -220, -415, -577]","[8583, 16682, 23179, 20521, 14743, 8692, 5537, 9594, 14804, 12220, 3878, -768, 729, 2919, 2973, 3163, 3063, 499, -1493, -426, 485, -343, -1100, -1062, -168, -224, -1163, -2295, -2652, -3247, -3898, -5303, -9627, -14636, -14998, -10274, -71, 3942, 786, 1776, 1644, -1400, -889, 1672, 355, -204, 1456, 2834, 1782, -207, -1181, -1202, -331, -36, -1502, -2284, -1148, -485, -1430, -1761]","[28796, 31457, 32767, 32767, 32767, 32767, 32767, 32767, 32559, 29689, 27935, 27440, 25650, 20551, 15226, 12322, 11543, 11434, 9096, 6996, 6022, 3595, -131, -4520, -7948, -10268, -12348, -16935, -23292, -28584, -31399, -32768, -32768, -32768, -31440, -31547, -29057, -22113, -18862, -15425, -12068, -8050, -4432, -1308, -590, -907, -502, 909, 2441, 3396, 3229, 2690, 2649, 3116, 3194, 2673, 2188, 1751, 1135, 958]","[5187, 268, -806, -4315, -6743, -2636, 2109, 2432, 299, -653, -227, 628, 1955, 2331, 2823, 3270, 2058, -7, -543, 94, -362, -1396, -1361, -926, -985, -1939, -2892, -2050, -1267, -2042, -3257, -3924, -4446, -5598, -7012, -7628, -3561, -2510, -4426, -1946, -1468, -3929, -4231, -2568, -1597, -1138, -603, -580, -914, -701, 30, 592, 394, 175, 392, 643, 1106, 1317, 1199, 927]"
"[-23061, -28723, -31948, -32768, -32768, -32768, -32768, -32768, -32768, -32681, -26352, -22370, -20393, -16598, -12542, -9708, -7803, -5039, -2950, -898, -353, -688, 354, 1232, 658, 59, -612, -1450, -2005, -3725, -6621, -10718, -14929, -17472, -21286, -24981, -22758, -24803, -24742, -22682, -17918, -11634, -11838, -11910, -10510, -9015, -8146, -7795, -7643, -7437, -7200, -7197, -7501, -7896, -8090, -7908, -7733, -8076, -8170, -7990]","[5114, 4907, 5033, 6244, 11565, 16623, 16430, 13615, 12814, 13125, 12294, 10686, 9698, 7798, 5157, 4132, 5428, 4878, 2516, 1844, 2952, 1835, -63, 52, 947, 1388, 868, 661, 1855, 2115, 1116, 2371, 4567, 5285, 6315, 7517, 8787, 9247, 5902, 1827, 5164, 7044, 5993, 6368, 6183, 4666, 3049, 2993, 3769, 3820, 3083, 2463, 2315, 2865, 3362, 2821, 2165, 1948, 2074, 2379]","[2324, 5304, 6086, 5802, 8301, 10295, 9004, 6615, 4441, 3408, 734, -1364, -1182, -101, 161, 442, 1156, 2212, 2729, 2197, 3591, 5134, 4942, 5023, 5072, 5326, 5697, 4343, 3163, 2227, 816, -2391, -6744, -9644, -11262, -13987, -13596, -12459, -10874, -12708, -14247, -12881, -9998, -8344, -6997, -5726, -4746, -3801, -3032, -2416, -2001, -1785, -1488, -1145, -809, -772, -633, -349, -144, -403]","[-5999, -3285, 3400, 8667, 10573, 9124, 6538, 6471, 8414, 9682, 10683, 9810, 8149, 4476, 3099, 4357, 4408, 2095, 1681, 3760, 2246, -1336, -538, 792, -946, -1716, -2286, -1748, -2422, -4646, -3728, -2479, -4409, -5704, -8998, -13787, -15378, -14674, -6325, 6596, 11138, 5568, 2556, 724, -2915, -4878, -2645, 1038, 1701, -1143, -4147, -4833, -3663, -2865, -3639, -3653, -1800, 338, 1099, 689]","[29322, 31466, 32767, 32767, 32767, 32767, 32767, 32767, 32767, 31494, 28597, 28894, 28842, 26985, 25594, 24622, 21606, 18121, 15127, 13335, 13364, 10247, 5378, 2993, 1816, -525, -5287, -10880, -15015, -18160, -22950, -30504, -32768, -32768, -32768, -32768, -32768, -28231, -28146, -30922, -27938, -17621, -7135, -3088, -1635, -533, 1294, 3200, 4033, 3852, 3806, 4434, 5116, 4936, 4446, 4258, 4570, 4594, 3616, 2370]","[1054, 2532, 2102, -265, -5351, -3387, -551, -972, -3683, -3761, -1904, -2251, -2295, -1183, -853, -1362, -960, 292, 1165, 710, -668, -1042, -142, -936, -2712, -3257, -2799, -2502, -3161, -4111, -4089, -3918, -3985, -1842, -1759, -3586, -3307, -5523, -6987, -4004, -3527, -6157, -6246, -4839, -2738, -2157, -2248, -1840, -1149, -682, -566, -599, -914, -1242, -1095, 233, 1743, 1952, 1528, 1404]"
"[-21451, -27460, -32768, -32768, -32768, -32768, -32768, -32768, -32768, -32240, -26368, -21514, -18390, -15269, -12278, -9388, -6427, -5007, -3855, -1214, 278, -598, -358, 898, 1034, 496, -192, -1049, -2454, -4544, -6672, -10553, -14401, -16192, -19958, -23474, -23320, -22202, -21206, -19150, -14290, -8827, -9001, -9128, -8442, -7129, -6775, -6726, -6828, -7165, -7786, -8063, -8017, -7669, -7497, -7591, -8019, -7856, -7436, -7409]","[6508, 7874, 8612, 9276, 11828, 16465, 18514, 16659, 14664, 13788, 12402, 10026, 8709, 7981, 6061, 4235, 3921, 4052, 2659, 914, 612, 103, 404, -77, -414, 467, 1544, 1511, 1142, 1029, 1503, 2099, 2968, 6124, 8586, 8474, 9720, 11986, 11978, 7463, 6980, 8823, 8633, 8716, 7637, 5359, 3490, 3734, 4919, 4742, 3837, 3555, 3353, 3160, 3002, 3034, 2681, 2520, 2703, 2697]","[-3690, -1634, -260, 760, 2113, 4168, 3881, 3233, 2714, 1309, 104, -812, -891, -443, 399, 882, 1311, 2921, 3764, 3572, 4882, 5955, 6313, 5902, 5409, 4850, 4358, 3701, 2965, 1683, 55, -2416, -5851, -8332, -9374, -10819, -12604, -13280, -11528, -12304, -13416, -12132, -9122, -6631, -5991, -4929, -3816, -3325, -3023, -2582, -2184, -2075, -1913, -1624, -1187, -822, -652, -605, -412, -229]","[4463, 1423, -390, 2705, 8827, 10423, 7859, 4372, 4927, 4904, 4671, 4968, 4947, 2945, 811, 1883, 4004, 2775, 491, 408, -565, -1573, -1098, -755, -440, -718, -2951, -4187, -3696, -2534, -1662, -1020, -878, -2821, -10882, -14731, -16879, -19304, -13276, -241, 7545, 5581, 3816, 3148, -1042, -2293, 1288, 5408, 4779, 861, -1611, -2098, -1237, -167, 291, -186, -1346, -1194, -915, -1073]","[26214, 30170, 32767, 32767, 32767, 32767, 32767, 32767, 32767, 32260, 29908, 29053, 28592, 26616, 23741, 21450, 20636, 18849, 13819, 10566, 10890, 8470, 3447, -450, -2386, -4770, -8183, -11302, -14303, -18578, -22925, -27854, -31430, -32164, -31657, -31679, -30423, -25653, -21431, -21495, -19933, -11840, -3634, -242, -743, -291, 697, 856, 667, 840, 1176, 1517, 1813, 2484, 3400, 4066, 4009, 3541, 3753, 3939]","[-6273, -5717, -5430, -5381, -6757, -9405, -8238, -7250, -5609, -4105, -2674, -1760, -1630, -804, 678, 1319, 1044, 1222, 1959, 2121, 789, -508, -522, -352, -1169, -2443, -3648, -4003, -3934, -4677, -5314, -5578, -6340, -6949, -8285, -8405, -8401, -11889, -12593, -6838, -4466, -7688, -8519, -5445, -2209, -1153, -942, -795, -400, 474, 746, 868, 1333, 1712, 1882, 1864, 1574, 1577, 1513, 1644]"
"[-24172, -30045, -32768, -32768, -32768, -32768, -32768, -32768, -32768, -29596, -23740, -17968, -14611, -12834, -10210, -7254, -5379, -4968, -2519, 98, -75, -958, 168, 890, 104, -1053, -2007, -3312, -4953, -7360, -10682, -14430, -18003, -19636, -20766, -23426, -25169, -22251, -16572, -14424, -13548, -12099, -10299, -8726, -7853, -7237, -6632, -6385, -6921, -6822, -5899, -6130, -7057, -7500, -7620, -7659, -7920, -8006, -8011, -7860]","[4297, 6429, 8281, 8925, 12127, 15074, 14155, 12278, 11569, 11707, 10449, 8467, 7563, 6917, 4530, 3034, 2314, 2616, 1516, 431, 193, 1787, 1225, -413, 187, 2791, 3082, 1393, 1668, 2734, 3111, 3706, 3703, 4825, 7347, 8061, 8221, 6241, 5022, 7059, 8195, 7675, 5665, 4804, 4826, 4723, 4576, 4635, 4742, 4857, 4088, 3316, 3458, 4149, 3039, 2268, 3053, 3448, 3543, 3033]","[4802, 8239, 10044, 10242, 10449, 10614, 8849, 6574, 4428, 3814, 2816, 1335, 363, 457, 1623, 2914, 3428, 4296, 4575, 4807, 4588, 5347, 6254, 6673, 5583, 4456, 4161, 2601, 272, -2076, -4241, -6974, -10939, -13438, -13219, -12677, -13562, -16125, -15686, -11665, -9006, -7767, -7192, -6831, -6490, -5831, -5674, -5334, -4768, -4372, -3648, -2461, -1325, -445, -66, -179, -175, 503, 856, 671]","[-4169, -1576, 219, 3478, 7263, 4614, 1994, 6226, 10543, 8215, 6229, 7084, 5498, 1412, -444, 1782, 3431, 2172, 681, 1470, 1893, 1337, -1121, -1317, -678, -1855, -4058, -2462, -370, -294, -135, -1915, -5527, -6302, -9841, -14224, -14075, -3655, 9361, 7548, 658, -2543, -1135, 619, 825, 704, 730, 726, 209, -398, 829, 4298, 6701, 4689, 1400, 1902, 2125, 323, -1975, -2811]","[32767, 32767, 32767, 32767, 32767, 32767, 32767, 32767, 32767, 30298, 25994, 24935, 25494, 24487, 22856, 22437, 20899, 15729, 10936, 10107, 9422, 7012, 2864, -184, -3869, -7180, -11837, -17246, -21227, -23679, -26716, -30774, -32768, -32768, -31222, -28488, -28821, -31155, -25539, -14789, -9333, -8350, -8483, -7392, -5720, -4364, -3288, -1498, -368, 674, 2863, 4721, 5174, 4416, 3697, 3835, 3969, 4557, 4532, 4308]","[-66, 1634, 1867, -507, -924, -1324, -640, 1003, 461, -337, 319, 1203, 1034, 889, 1603, 1844, 1385, 1100, 1540, 981, -1054, -2003, -1543, -2093, -4054, -5250, -4237, -2946, -2961, -3756, -3505, -2753, -3074, -3862, -5572, -7760, -9009, -7457, -3067, -4875, -7081, -4402, -1968, -1589, -1753, -1649, -1053, -422, -116, 220, 1078, 2173, 2570, 2387, 2292, 1773, 949, 618, 368, 306]"
"[-23547, -29909, -32768, -32768, -32768, -32768, -32768, -32768, -32768, -32768, -32768, -27626, -23123, -19095, -15502, -11742, -9218, -7631, -4455, -2489, -2322, -307, 419, -391, 128, 681, -406, -1641, -2553, -3807, -5163, -8477, -12688, -14193, -15211, -17683, -19900, -19768, -20031, -17627, -15034, -11923, -8565, -7406, -8028, -8074, -6879, -6302, -6717, -7032, -6984, -6956, -6836, -6962, -7402, -7572, -7490, -7488, -7599, -7275]","[3499, 3561, 5507, 7684, 8819, 11487, 13931, 13437, 12223, 12764, 12299, 9661, 8427, 7901, 6569, 5244, 4064, 4039, 2843, 970, 567, 1856, 525, -821, -382, -12, 153, 758, 989, 1127, 2225, 2057, 1748, 2866, 5544, 6363, 8166, 9875, 10676, 10857, 9800, 10984, 10510, 8413, 7974, 8256, 6983, 5288, 5095, 5144, 4446, 3726, 3268, 3319, 3369, 3216, 2689, 2955, 3220, 3354]","[-2703, -1042, -124, 780, -905, -974, 40, 948, 1487, 982, 165, -886, -1441, -1096, -868, -510, 1438, 2624, 3366, 4807, 4110, 5311, 7500, 6854, 7026, 7976, 7354, 5571, 4181, 2511, 845, -958, -4391, -9666, -13543, -13794, -14560, -15417, -14872, -15129, -15375, -14644, -12119, -8102, -6133, -5781, -5932, -5114, -4151, -3291, -2604, -2275, -2250, -2034, -1907, -1660, -1827, -1553, -1182, -697]","[-6098, -7840, -3013, -1722, -3373, -4270, -6215, -5123, -419, 3699, 4908, 6798, 7906, 7009, 5430, 4990, 4949, 4216, 2029, 884, 3007, 2491, -1905, -1358, 1030, -49, -1682, -1742, -746, -582, -2240, -3280, -1200, -1167, -5853, -10481, -15115, -17165, -15213, -11000, -3732, 672, -980, 294, 2297, 2279, 1092, 2413, 4222, 4286, 3818, 3404, 3025, 2420, 843, -760, -1175, 189, 784, 945]","[29228, 32767, 32767, 32767, 32767, 32767, 32767, 32767, 32767, 32767, 30343, 27704, 25739, 23317, 20957, 21617, 21794, 17428, 15254, 14308, 11005, 9505, 8762, 4227, 705, -2067, -5870, -10178, -14262, -18485, -21414, -24681, -30119, -32768, -32566, -28781, -28418, -27482, -24746, -23221, -21260, -14109, -6434, -1380, -1233, -2159, -2221, -215, 1089, 1452, 1489, 1278, 1184, 1436, 1295, 1149, 1924, 2445, 2328, 1460]","[-6451, -6888, -4896, -2234, -3089, -2902, 674, 3968, 5585, 6773, 8518, 9132, 7723, 6907, 6937, 5882, 4329, 4379, 4443, 3217, 2406, 1848, 763, -193, -557, -1244, -2802, -3618, -3199, -3106, -4315, -5026, -4278, -4494, -6499, -7276, -9358, -11387, -10656, -11613, -10923, -6362, -5697, -6011, -5246, -1983, -75, 216, 895, 1454, 1955, 2247, 2377, 2349, 1811, 1313, 1381, 1640, 958, 1206]"
"[-24230, -32768, -32768, -32768, -32768, -32768, -32768, -32768, -32768, -28366, -24308, -20984, -17164, -12224, -9944, -7189, -4037, -2273, -3126, -1716, 181, -762, -1662, -1159, -1590, -3775, -5739, -7448, -11090, -15980, -22577, -23733, -22843, -22610, -21055, -17661, -14684, -16698, -15112, -11076, -9499, -10490, -9399, -7481, -6845, -7492, -7628, -7609, -7448, -7463, -7664, -8061, -7724, -7612, -7497, -7440, -7114, -7597, -7991, -7676]","[8848, 8505, 10010, 13606, 17020, 17989, 16426, 15863, 13539, 11496, 11377, 8602, 6177, 4786, 4797, 2656, 1215, 1737, 1196, -376, -530, 248, 464, 854, 950, 1232, 2096, 2213, 1968, 3192, 6721, 12760, 19836, 13284, 3821, 8019, 11328, 10967, 9581, 7621, 6226, 7445, 8092, 6107, 3955, 3995, 4416, 4362, 4038, 3754, 2981, 2268, 2348, 2221, 1591, 1688, 2357, 2580, 2264, 2151]","[-340, 1556, 3252, 7364, 10735, 9064, 6254, 5723, 3558, 15, -41, 1411, 2278, 2097, 3789, 4282, 4491, 5682, 7842, 8056, 8811, 8964, 7495, 6202, 5923, 4931, 3227, 1788, 507, -2409, -8184, -14913, -16134, -13412, -15228, -14898, -10120, -7368, -7835, -8231, -6542, -6139, -6640, -6160, -4379, -3271, -2882, -2339, -2050, -1501, -709, -372, -120, 43, 340, 262, 321, 587, 557, 608]","[-614, 5165, 12920, 13100, 15708, 16295, 12867, 8861, 7514, 8844, 3846, 1604, 3769, 5416, 3852, 2684, 4326, 3098, -647, 225, 1920, -126, -1413, -1480, -1295, -1766, -2485, -3345, -4311, -6646, -11978, -22019, -30399, -21514, 999, 14591, 12338, 2300, -4810, -2311, 5258, 7527, 1555, -1534, 2017, 4793, 3416, 2026, 1315, 168, -1456, -1646, -402, 264, 960, 2164, 2385, 1578, 656, -298]","[26501, 31715, 32767, 32767, 32767, 32767, 32767, 32767, 32767, 32767, 32767, 32767, 28736, 25777, 23384, 18807, 16569, 17114, 12904, 6700, 4406, 1493, -3340, -7630, -9863, -13516, -18373, -22406, -26566, -32394, -32768, -32768, -29679, -27431, -28202, -22392, -13739, -10833, -11571, -10527, -7332, -6471, -6027, -2986, 632, 1616, 1331, 1450, 1876, 2890, 3298, 2679, 2507, 2757, 2788, 2401, 2585, 2556, 1733, 754]","[3899, 4469, 1753, -3179, -4838, -4199, -5421, -6716, -4285, -4134, -4348, -3579, -927, -52, -208, 551, 769, -835, -1798, -899, -1110, -3182, -4174, -3667, -3692, -4632, -5203, -4870, -5923, -8372, -11129, -16151, -21926, -20164, -12007, -10049, -10862, -9493, -7743, -5533, -5163, -4717, -3974, -2107, -868, -353, -980, -146, 883, 1052, 881, 969, 1530, 1674, 1283, 1001, 1380, 1625, 1110, 636]"
"[-22368, -28784, -32768, -32768, -32768, -32768, -32768, -32768, -32768, -32768, -32768, -28731, -23801, -19860, -15483, -11603, -8506, -6620, -4293, -1488, -1430, -1149, 114, -163, -132, -104, -816, -1505, -2622, -4418, -6100, -8199, -11097, -14187, -18981, -23424, -25762, -27699, -25940, -24574, -18039, -12153, -13683, -13030, -9867, -8493, -8874, -8743, -7740, -6842, -6488, -7250, -7760, -7512, -7414, -7304, -7571, -7560, -7076, -7009]","[5843, 7070, 7434, 6151, 5098, 7948, 12617, 13348, 12043, 11621, 10722, 9352, 9434, 8384, 5480, 3388, 3267, 3645, 2243, 1145, 397, 506, 187, -726, -994, -445, -73, 361, 973, 1141, 1567, 1764, 2236, 3738, 6159, 8431, 9445, 9997, 10668, 10430, 7859, 8025, 6639, 7302, 8459, 6836, 5404, 4829, 3937, 2450, 2589, 3492, 3662, 2959, 2099, 1782, 2507, 2920, 2481, 2094]","[-4685, -3539, -3097, -4804, -4418, -4631, -3757, -3399, -3222, -2798, -3250, -3861, -2954, -1009, -270, -124, 474, 1963, 2640, 5314, 6107, 7176, 9758, 10543, 9885, 10208, 9124, 6993, 5096, 2821, 1301, -110, -3552, -6877, -9016, -10720, -13101, -13693, -15069, -17083, -17111, -14333, -10510, -9915, -9078, -7520, -6251, -5613, -5222, -4719, -3700, -2431, -1614, -1432, -1422, -1161, -697, -587, -722, -592]","[-1809, -5199, -9116, -6863, 5454, 15597, 14456, 10105, 9576, 9874, 8493, 6514, 4571, 1736, 2600, 6166, 7545, 4295, 1800, 801, 776, 2138, 702, -244, 788, 65, -2084, -3129, -3545, -4058, -3508, -2858, -1834, -2137, -3704, -9293, -13928, -14598, -13309, -7999, 1287, 2123, 63, 751, -590, 37, 3164, 4045, 2339, 2720, 5563, 5973, 2906, -644, -1643, 470, 1479, -735, -2502, -2006]","[32767, 32767, 32767, 32767, 32767, 32767, 32767, 32767, 32767, 32767, 32199, 31464, 32263, 29614, 25586, 23285, 22986, 20634, 16907, 17397, 15587, 11702, 8670, 4747, 148, -4345, -8843, -12887, -16736, -20457, -22971, -26734, -30973, -32127, -32768, -32768, -32768, -32768, -32595, -31158, -27324, -14877, -8021, -7721, -6306, -3570, -2123, -2116, -2255, -1140, 1065, 2231, 1761, 1078, 1242, 2047, 2059, 929, 768, 1722]","[-1491, -1, 3293, 7231, 9016, 6931, 2890, 2168, 2645, 2444, 2150, 836, -536, 897, 3312, 3847, 2352, 1528, 2163, 1214, 623, 1268, 1150, 204, -96, -792, -2095, -3095, -3871, -4246, -4904, -6145, -6246, -6241, -7415, -8085, -9024, -9402, -10357, -9564, -5155, -3249, -6623, -5893, -4439, -3312, -1825, 47, 931, 489, 60, 269, 765, 1178, 654, 268, 230, 161, 147, 326]"
"[-6000, -6169, -7662, -9246, -13058, -18451, -24009, -29229, -32768, -32768, -32768, -32768, -32768, -32768, -32768, -32768, -31791, -26832, -20632, -15091, -12468, -10856, -7789, -4884, -3584, -1818, -1369, -1086, 513, -89, -1187, -1101, -1912, -4127, -6521, -8590, -11818, -16108, -21331, -24874, -26727, -28398, -28168, -28577, -26864, -24135, -20064, -17043, -14404, -11170, -10633, -9044, -7721, -7473, -7094, -7041, -7291, -7407, -8295, -8115]","[804, 1754, 2593, 3024, 3896, 5537, 6191, 7328, 8961, 9919, 13311, 15637, 17356, 18499, 16774, 13787, 11861, 11540, 9153, 7099, 5327, 5119, 4010, 2201, 717, 1426, 1140, -935, -1681, -162, 1188, 720, 609, 1603, 2353, 2668, 2958, 4182, 5901, 7487, 8959, 8034, 6532, 7438, 6530, 6956, 7598, 6018, 7178, 7527, 6439, 6042, 6353, 5593, 4378, 3859, 3222, 2302, 2111, 2407]","[-12555, -14770, -15487, -13581, -10182, -6312, -3341, -2142, -941, -310, 2536, 4204, 3916, 4080, 3355, 2259, 782, 1153, 780, 565, 1409, 1360, 2290, 3769, 3250, 4279, 7623, 8097, 8855, 9864, 8889, 7388, 6097, 4490, 2620, 209, -2053, -4064, -6321, -9518, -11087, -10534, -10080, -9988, -10454, -11084, -12217, -12015, -11855, -11006, -9426, -8567, -7785, -6311, -4821, -2708, -841, 316, 1141, 1178]","[-310, -1011, -1399, -1241, -712, -2922, -5006, -3478, 70, 4456, 9311, 9975, 9540, 7702, 5632, 6162, 7875, 6567, 4816, 5597, 7206, 7482, 5193, 3474, 4308, 3924, -1847, -2225, 1165, 1539, -1143, -2826, -1767, -579, -1278, -2143, -1335, -667, -3796, -7226, -9672, -10028, -8419, -6663, -3278, -1668, -3427, 980, 2772, 409, 1994, 5821, 7310, 4994, 2175, -510, -2762, -2394, -883, -182]","[-10106, -3701, 4689, 14268, 22784, 28159, 30717, 32767, 32767, 32767, 32767, 32767, 32767, 32767, 32767, 32767, 32767, 30851, 26626, 26013, 25969, 22199, 18014, 16949, 15262, 15936, 13880, 8080, 5939, 2925, -4404, -9495, -12263, -16621, -21902, -26105, -28889, -31827, -32768, -32768, -32768, -32768, -30842, -28287, -26806, -24711, -20875, -16973, -12775, -8268, -5832, -4676, -1604, 1804, 3995, 5730, 6955, 6893, 5120, 3612]","[-2049, -3458, -4597, -4811, -4105, -3687, -1834, 1278, 2871, 3000, 1577, -800, -1433, -691, 1530, 2536, 1687, 2050, 4255, 4165, 2950, 3101, 3722, 2821, 1730, 289, -1085, -1094, -1668, -3450, -4136, -3715, -4050, -4553, -4751, -5276, -5362, -5735, -7104, -8002, -8885, -9189, -8214, -8433, -8311, -6148, -7517, -6769, -5234, -5702, -5033, -3582, -1520, 353, 675, 194, 253, 1004, 963, 516]"
"[-22951, -29363, -32768, -32768, -32768, -32768, -32768, -32768, -32768, -32768, -32768, -27916, -21803, -17241, -14104, -10720, -7420, -4322, -1338, -739, 209, 1421, 1702, 1016, 955, 1461, 26, -1401, -1600, -1670, -3643, -5777, -7818, -11711, -16654, -21378, -26475, -32209, -32768, -29953, -24044, -15388, -13406, -15327, -13075, -9505, -9478, -9907, -9359, -7546, -6697, -6475, -6717, -7269, -7549, -7884, -8078, -8389, -8197, -7667]","[6564, 7829, 8513, 7088, 5140, 6791, 14035, 18525, 15920, 10836, 8293, 9244, 8935, 7036, 5533, 5723, 5002, 2624, 1665, 2277, 2340, 645, -275, 571, 1070, 114, -217, 386, 773, 575, 663, 1207, 1175, 1012, 1659, 4897, 9718, 12728, 15135, 13778, 6933, 7430, 7839, 8377, 9878, 8239, 4985, 4007, 5429, 5328, 4724, 4294, 4044, 3228, 2547, 2186, 2274, 2565, 2664, 2628]","[-6003, -4255, -2150, -692, 21, -1687, -3241, -1305, -1179, -1887, -2147, -1674, -2076, -2159, -1019, 303, 1644, 2356, 2967, 4311, 5601, 6747, 7767, 7728, 7152, 7626, 7525, 6069, 4763, 4312, 3456, 2184, 1222, -1046, -4639, -8979, -12694, -14817, -17344, -18593, -18138, -13726, -9076, -6723, -6386, -5800, -4665, -4633, -4900, -5760, -5868, -4637, -2577, -763, 260, 565, 1219, 1270, 1032, 669]","[752, -3819, -9203, -11679, -329, 17860, 25048, 16238, 6494, 4952, 8399, 6424, 179, 333, 5254, 6247, 2646, 2398, 3923, 2216, -1571, -2587, -335, 1275, -183, -1123, -986, -209, -27, -325, -1792, -3435, -3209, -1712, -976, -3064, -10960, -18806, -25692, -19822, 2109, 11984, 5311, 1668, -2214, -4095, -101, 6402, 7900, 5074, 3060, 2030, 591, -918, -261, 1224, 2155, 2186, 2497, 3339]","[31418, 32767, 32767, 32767, 32767, 32767, 32767, 32767, 32767, 32767, 32767, 32519, 26943, 26072, 25582, 23846, 20018, 17157, 16439, 14309, 11070, 9891, 8542, 4891, 524, -946, -3232, -7252, -10962, -13002, -15690, -19119, -23453, -30036, -32768, -32768, -32768, -32768, -32768, -32768, -32768, -20907, -8123, -4783, -6045, -6369, -5276, -6099, -7715, -7321, -4174, 381, 4057, 5679, 5467, 4640, 4429, 3850, 2959, 2848]","[-3907, -956, 3334, 7974, 6471, 2049, -5515, -9173, -4960, -3607, -4223, -4877, -4089, -1867, 13, -309, -96, 1392, 696, -998, -1370, -812, -944, -1218, -724, -671, -1539, -1798, -1155, -1116, -2279, -3896, -4531, -4386, -4531, -6174, -8989, -10648, -14112, -17031, -6470, -1697, -8891, -10702, -6911, -3820, -2065, -1346, -1070, 312, 1260, 860, 553, 1076, 2280, 2186, 1709, 1478, 1864, 2246]"
"[-22733, -29417, -32768, -32768, -32768, -32768, -32768, -32768, -32768, -32768, -32768, -31027, -24066, -19682, -15661, -12349, -9417, -6686, -5235, -3754, -2320, -2109, -1284, -528, -1064, -1371, -1120, -2063, -4313, -6343, -7740, -11238, -15139, -17465, -20924, -25812, -27150, -25458, -25161, -23137, -17529, -11573, -11446, -10295, -7860, -6654, -7306, -8108, -8354, -8742, -8881, -7904, -7546, -8138, -8984, -9151, -8286, -7678, -7514, -7249]","[2889, 4228, 5422, 6786, 8033, 11508, 14617, 15792, 16114, 14806, 14220, 12858, 10838, 10209, 9298, 7878, 6334, 5149, 4035, 3183, 2901, 1559, 816, 866, 687, 951, 927, 820, -13, 555, 1592, 3081, 3563, 4469, 6088, 7029, 6163, 7314, 9396, 8783, 7280, 7007, 6177, 6733, 7723, 7787, 6594, 5451, 4672, 4029, 3754, 3100, 2314, 2019, 2003, 1847, 1762, 1670, 1780, 2093]","[-9427, -6995, -6462, -6279, -7232, -8221, -9444, -9099, -8207, -6771, -5078, -3851, -3171, -3086, -1896, -941, 489, 1559, 2145, 2095, 4243, 5231, 5053, 6886, 7838, 6561, 6779, 7386, 5745, 3292, -328, -3960, -8725, -12262, -11540, -11133, -13845, -12499, -11846, -12780, -14682, -11617, -8746, -7954, -7407, -6241, -5051, -4519, -4046, -3795, -3584, -3306, -2621, -1686, -1071, -983, -1159, -1135, -1056, -1137]","[3573, 1236, 1168, 1779, 1511, 4351, 5169, 3127, 2331, 2814, 4071, 5427, 7750, 8606, 7731, 6599, 5401, 4143, 3447, 3446, 1695, -191, 1047, 421, -1005, -1789, -2876, -5068, -4951, -1851, 862, -1293, -3947, -3365, -2966, -6601, -8932, -4147, -5296, -6458, -3172, 881, 609, -78, -945, -1203, -783, -453, -219, -561, -1669, -2345, -1245, -172, -116, -11, 1054, 3091, 4862, 5323]","[32767, 32767, 32767, 32767, 32767, 32767, 32767, 32767, 32767, 32767, 32767, 29037, 25862, 24074, 23698, 21717, 19832, 18728, 16310, 14134, 14019, 11464, 8655, 7367, 3483, -1883, -3797, -6086, -11905, -19995, -27810, -32768, -32768, -32768, -32768, -32768, -32768, -32768, -29020, -27122, -22901, -12399, -4299, -1914, -595, 1394, 2726, 2413, 1860, 2006, 3142, 5024, 6655, 7433, 6807, 5232, 4210, 4098, 3768, 2886]","[-12727, -13234, -12339, -11519, -11721, -12141, -11268, -10231, -9219, -7002, -4338, -1505, -254, -503, -151, 294, 757, 507, 273, 543, 62, -566, -627, -1582, -2565, -2797, -3725, -5953, -7464, -6362, -4700, -5007, -6868, -6909, -7359, -10957, -11029, -5452, -7199, -6685, -3095, -2134, -4292, -5448, -4220, -2672, -1279, 239, 2193, 3252, 3266, 3607, 4184, 3839, 2866, 2285, 2616, 2611, 1941, 1417]"
"[-9678, -9428, -12392, -15578, -19881, -26920, -32768, -32768, -32768, -32768, -32768, -32768, -32768, -32768, -32768, -26443, -21135, -15727, -11681, -9440, -7438, -5332, -3431, -1810, -1029, -115, -220, -445, 377, 321, -516, -435, -1308, -2841, -3962, -5702, -8571, -12288, -16728, -19284, -22067, -23209, -24586, -25394, -18809, -13157, -12693, -12295, -9651, -6752, -7149, -7409, -7202, -6374, -6159, -6682, -7378, -7927, -8110, -7949]","[5938, 8584, 9395, 8678, 7656, 6147, 3956, 3395, 5868, 8518, 10228, 9299, 12407, 15756, 14076, 10728, 8461, 8238, 8460, 7581, 5594, 3567, 3215, 2976, 1624, 730, 1283, 1715, 749, 671, 1867, 2151, 1818, 1912, 2370, 2231, 1867, 2098, 3669, 6009, 8047, 9234, 9040, 8955, 6655, 5584, 6710, 9808, 10009, 6761, 4810, 5405, 5690, 4295, 2802, 3031, 4182, 4419, 3412, 2537]","[-12113, -16609, -18999, -17298, -13357, -9018, -7401, -5273, -6446, -9006, -10316, -12848, -12559, -8628, -6602, -5352, -4508, -4216, -3486, -1980, 245, 2019, 2490, 3462, 4361, 5549, 6775, 7639, 8675, 8045, 6248, 5134, 5225, 4366, 2785, 879, -1036, -3969, -8417, -13197, -16324, -15854, -15218, -15842, -18245, -14314, -12047, -9262, -8901, -8386, -6704, -6557, -6970, -6887, -6120, -5163, -4509, -3790, -3048, -2655]","[12822, 10294, 3442, -2265, -3690, -6605, -6244, -2871, 649, 4631, 8159, 14455, 17287, 12182, 4142, 3129, 6920, 10420, 9651, 6727, 4704, 5416, 5909, 4059, 1564, 546, -646, -1401, -1448, -1326, -2507, -2995, -2026, -1594, -2191, -2007, -512, 511, -1244, -6067, -12360, -19051, -18813, -11558, -1068, 6458, 8642, 5887, -442, -4250, -701, 3126, 1993, 141, 869, 2720, 1980, -244, -988, 725]","[-14474, -8491, 1874, 16750, 31090, 32767, 32767, 32767, 32767, 32767, 32767, 32767, 32767, 32767, 32767, 29906, 25973, 23320, 23060, 22736, 21696, 18828, 14913, 12659, 11218, 10204, 8547, 5629, 1370, -2701, -6079, -7713, -9659, -13794, -18421, -22392, -26979, -32768, -32768, -32768, -32768, -32768, -29413, -29652, -26525, -14269, -5520, -4555, -6005, -4579, -2730, -3065, -4153, -3384, -1505, 565, 2220, 3477, 4166, 4034]","[-11688, -9629, -6811, -2197, 2565, 5793, 5981, 3723, 2593, 2680, 4210, 3368, -937, -2607, -1724, 468, 2818, 3092, 2184, 1585, 1334, 2047, 2287, 1422, 357, -1277, -3322, -3250, -2429, -2929, -3650, -3708, -3614, -3473, -3506, -3113, -2333, -2056, -1969, -2033, -3538, -7478, -11364, -11477, -7312, -5210, -8975, -7996, -3861, -2693, -2807, -1062, 917, 2053, 1923, 935, 392, 979, 2086, 2557]"
"[-613, 504, 395, -175, -1882, -3875, -6185, -9791, -12462, -15754, -18692, -21172, -25954, -31025, -32655, -32768, -32768, -32768, -32768, -32768, -32768, -32039, -27953, -23923, -19805, -16352, -13893, -11652, -9239, -7318, -5566, -3700, -1665, -1424, -1257, 209, 816, 388, 730, 1727, 2240, 2248, 1135, 1341, 2301, 906, -885, -1088, -2837, -6258, -7149, -7270, -9900, -11703, -11227, -10389, -10314, -8379, -6004, -5779]","[4047, 3779, 2032, 612, 236, 966, 931, 1975, 4629, 5366, 4104, 3877, 4007, 3788, 2427, 3195, 4429, 3721, 4071, 6893, 8593, 8922, 8644, 9004, 8785, 7807, 7086, 6300, 5378, 4677, 4029, 2858, 1393, 1231, 1125, 4, -1261, -1037, -149, -208, -971, -1200, -780, -232, -105, 455, 1437, 2780, 2867, 2902, 4019, 4957, 4901, 5409, 6980, 7617, 6988, 6885, 6917, 6179]","[-8020, -9501, -9529, -8985, -8345, -7265, -6319, -4791, -3633, -1846, -192, 1206, 2986, 3086, 3220, 3817, 5928, 6595, 4945, 4883, 4038, 2766, 1357, 413, -631, -1086, -857, -968, -316, 378, 1587, 1708, 2660, 3526, 4708, 5953, 6607, 6486, 6237, 5682, 5251, 4837, 3636, 1786, 108, -1684, -4343, -6275, -6583, -8467, -11031, -11775, -12323, -14648, -15524, -15158, -15895, -15684, -14243, -11112]","[10190, 3086, -1764, -1755, 582, 1231, 3262, 5594, 2398, -4024, -7284, -9158, -12177, -12349, -8346, -6666, -5458, -823, 5102, 6993, 6254, 7585, 8304, 5976, 2942, 2627, 2673, 1090, 71, 421, -157, 190, 2964, 3363, 778, -871, 66, 1566, 831, -255, -642, -911, -1728, -2564, -1847, -129, 1667, 1794, 1172, 1632, 2250, 680, -1346, -1331, -3457, -5489, -4365, -1994, 928, 3460]","[-13708, -8569, -2639, 1952, 6034, 9799, 14196, 16801, 17708, 20470, 22801, 25201, 26546, 26483, 29069, 32767, 32767, 32767, 32767, 32767, 31650, 30755, 29181, 27093, 26022, 27079, 26956, 25795, 24392, 22083, 18410, 15807, 15797, 14731, 11416, 9510, 8228, 5154, 644, -2262, -3977, -6313, -10192, -14076, -16447, -19296, -21818, -21597, -21526, -24771, -26341, -25062, -24658, -25462, -23867, -18775, -16316, -13289, -7428, -2082]","[-4586, -2233, -1657, -2179, -3166, -5539, -7062, -8004, -8614, -6646, -3787, -1979, -214, 3028, 6886, 7801, 7396, 10099, 10182, 6422, 4362, 5382, 4705, 3386, 2921, 2416, 2335, 2261, 3288, 4233, 4627, 6130, 7247, 5665, 4226, 3815, 2710, 858, -266, -1061, -2274, -3682, -5202, -5795, -5293, -5418, -5501, -5094, -5134, -5651, -4646, -3982, -5099, -4848, -4795, -5746, -5274, -4433, -3484, -2666]"
"[-22812, -28695, -32768, -32768, -32768, -32768, -32768, -32768, -32768, -32768, -32768, -30851, -26522, -23077, -19873, -16340, -12928, -10735, -7906, -4830, -2924, -2107, -522, 363, 548, 1210, 1643, 651, 410, 583, -453, -1469, -2878, -3857, -5546, -8871, -10685, -13499, -15736, -16086, -16523, -18663, -18229, -17672, -15413, -13358, -11300, -7977, -8246, -8836, -8464, -7697, -6998, -6993, -7432, -7941, -7729, -7490, -7662, -7387]","[2132, 1157, 2503, 3084, 6111, 9520, 11761, 12907, 13543, 11973, 9688, 8619, 8760, 8415, 7239, 5282, 4710, 5281, 4016, 2003, 1314, 2189, 1790, 209, -295, 178, -112, -572, 254, 841, 196, 338, 1076, 1438, 1313, 2170, 3894, 4289, 4690, 6963, 8086, 7518, 9371, 8527, 8708, 8817, 7886, 8137, 6557, 4846, 4810, 4665, 3592, 2652, 2747, 2901, 2651, 2325, 2287, 2492]","[-3980, -2627, -993, 462, 2603, 3067, 2970, 1355, 1228, 3677, 2033, -1207, -3000, -3046, -2400, -1698, -1081, 270, 1982, 2887, 3076, 3748, 5018, 5698, 5400, 6112, 7447, 7495, 6360, 5896, 5106, 4107, 2538, 328, -2458, -6125, -8729, -10405, -13323, -14712, -12563, -12900, -12792, -12936, -13763, -13055, -13232, -11738, -7910, -5087, -4510, -4771, -5022, -4402, -3483, -2827, -2901, -2379, -1651, -1384]","[-6935, -6367, -4604, -4809, -4831, -3839, -3212, -7830, -8510, -3398, 1877, 6033, 8065, 7038, 4950, 4129, 4210, 1760, -653, 330, 2600, 2472, -542, -676, 1225, 1184, -768, -24, 1093, -324, -1677, -786, -215, -1111, -2670, -2891, -3464, -5220, -4752, -5428, -8616, -10058, -10234, -8121, -3465, 868, 3263, 2940, 2949, 5673, 6602, 4070, 2275, 2819, 3194, 1736, 461, 1037, 1878, 826]","[27037, 28946, 32767, 32767, 32767, 32767, 32767, 32767, 32767, 32767, 29011, 25154, 26151, 26622, 26432, 25900, 25906, 24259, 21054, 18662, 16992, 14256, 11113, 9340, 7029, 4623, 3395, -39, -4630, -7615, -10145, -13486, -17947, -22034, -25055, -27950, -29444, -30982, -32768, -30969, -25288, -24587, -24600, -23189, -20675, -17190, -14525, -7410, -122, 1766, -504, -2675, -2619, -1021, -409, -682, -112, 1302, 1608, 1185]","[-9453, -6205, -5011, -4810, -4209, -2931, 760, 403, 18, 4986, 8171, 8141, 6444, 5703, 5261, 4991, 3871, 3139, 4301, 4497, 3551, 2927, 2617, 2467, 1859, 1024, 298, -192, -657, -1069, -1781, -2775, -3140, -3605, -5201, -6708, -7435, -8168, -8324, -8308, -8470, -9289, -11659, -9867, -7012, -8241, -6382, -4076, -3128, -2681, -1010, 463, 1097, 620, 59, 87, 239, 197, 413, 268]"
"[-11347, -8843, -6251, -7106, -9891, -12617, -15260, -20963, -29111, -32768, -32768, -32768, -32768, -32768, -32768, -32768, -32768, -32768, -32768, -27194, -22556, -18064, -14257, -11075, -8815, -6818, -4815, -3311, -2414, -1716, 164, -245, -685, -420, -1331, -2901, -4083, -5700, -7475, -9633, -13102, -16069, -17162, -19974, -18162, -15434, -18488, -16273, -12304, -9828, -9106, -7509, -7444, -8153, -7828, -7365, -7980, -7849, -7675, -7487]","[3821, 8447, 8162, 1844, -1346, 575, 2575, 2350, 2465, 3700, 8352, 11219, 11796, 15095, 16005, 15375, 14300, 13221, 11033, 10034, 9434, 8582, 6509, 5105, 5089, 5146, 3648, 1229, 366, -37, -691, -387, -93, -116, -496, 46, 933, 364, 1079, 2717, 3981, 5163, 6893, 7347, 8462, 9376, 7455, 7239, 8656, 7964, 8050, 7860, 5992, 6035, 7698, 6118, 4168, 4110, 3519, 3120]","[-8566, -16794, -20634, -18432, -14639, -12224, -9743, -7782, -6097, -5468, -6677, -5808, -4811, -1541, -2578, -3601, -1982, -1735, -2685, -3102, -2649, -1005, -829, -705, -76, 2134, 4253, 7303, 10698, 11451, 11369, 11310, 8978, 7391, 7653, 6480, 4576, 1910, -1102, -4224, -7804, -10969, -15019, -18009, -19004, -15627, -13137, -14603, -15003, -12849, -10526, -9475, -7593, -6069, -6216, -5854, -5673, -5427, -5030, -4433]","[25730, 17911, 4884, 294, 7098, 8631, 5071, 1735, -1012, -273, 5019, 1500, -1239, 2755, 2675, 2252, 1452, 1724, 5063, 9645, 9864, 7681, 6304, 8545, 9833, 5439, 62, -947, -10, 517, 800, -554, -1197, -1209, -1117, -2375, -4229, -3692, -1559, -1416, -2528, -4248, -6957, -9815, -12618, -11907, -6984, -4243, -2179, 4158, 3633, -3104, -1568, 3886, 1919, -721, 1563, 3633, 3505, 3027]","[-17800, -16398, -7825, 5165, 15105, 19527, 24222, 28975, 32746, 32767, 32767, 32767, 32767, 32767, 32767, 32767, 32767, 32767, 30908, 29595, 29193, 26559, 23180, 22422, 22253, 20408, 19293, 18640, 15047, 8156, 4332, 714, -4066, -6891, -8791, -12890, -18094, -23308, -27139, -30481, -32768, -32768, -32768, -32768, -31421, -22071, -18904, -21428, -19713, -12905, -8242, -6076, -3202, -2169, -3080, -3136, -2523, -1392, 347, 2108]","[-14895, -8196, -1197, 1816, 847, -1919, -1971, -65, 56, -3184, -3027, -2848, -6290, -4287, -762, -623, 208, 2979, 6238, 6612, 5082, 4997, 5146, 5053, 3822, 2553, 1488, 1232, 1069, 1337, 939, -1023, -2298, -2264, -3285, -5423, -6730, -5963, -5811, -7352, -7435, -5995, -6429, -6595, -6534, -9109, -8166, -6467, -8038, -5776, -3000, -4334, -4384, -1945, -809, 124, 1186, 1172, 1209, 1510]"
"[-4386, -5363, -5816, -7246, -9971, -12709, -17183, -22159, -28963, -32768, -32768, -32768, -32768, -32768, -32768, -32768, -32768, -32768, -30872, -26925, -22627, -18414, -15331, -12785, -10293, -8321, -5795, -4261, -3772, -2984, -2659, -2843, -3539, -4366, -5591, -8485, -12256, -15911, -18474, -20460, -23404, -22958, -21232, -21381, -20810, -18057, -14873, -14360, -12633, -10151, -8723, -7980, -7128, -5915, -4969, -5391, -6117, -6921, -8083, -8051]","[-371, -1692, -2060, -3093, -2727, -1963, -987, -752, -38, -1257, 225, 4674, 7790, 9491, 9697, 9817, 10665, 10607, 9581, 7981, 6946, 5745, 4525, 4111, 2777, 1523, 598, -188, -560, -622, -286, 88, 537, 1198, 1992, 2445, 2395, 1817, 4692, 8458, 8877, 8216, 8473, 8439, 7453, 7762, 6750, 6860, 7419, 7146, 5964, 5115, 4355, 3806, 3454, 3668, 3748, 3421, 3202, 3763]","[-10442, -13335, -13927, -11992, -8149, -5072, -2318, -1003, 762, 2393, 4138, 4271, 4763, 5314, 2580, 685, 215, -1922, -3353, -3758, -3830, -3634, -2702, -921, 1185, 2819, 4181, 6506, 8072, 9277, 9761, 8446, 6415, 4141, 2620, 1230, -1918, -5589, -10621, -12262, -14100, -14669, -12797, -12137, -11496, -11321, -9796, -8204, -7937, -7345, -6158, -4728, -4067, -3876, -3721, -2820, -1779, -1396, -1271, -1557]","[-1656, -1513, -2514, -2071, -923, -1675, -2378, -2961, -3531, -5032, -848, 2914, -872, -6424, -5003, 959, 2816, 1136, 589, 1346, 2003, 1561, 1966, 1654, -412, -1480, -1125, -1682, -1714, -1120, -1370, -2015, -1820, -1627, -2053, -3297, -3098, 1075, 2319, -5779, -10826, -12645, -14038, -17175, -11705, 543, 7409, 5801, 2906, 3150, 4248, 3959, 2376, 1226, 673, -623, -3335, -6136, -7130, -7856]","[-11808, -7212, 891, 10394, 18167, 22138, 24639, 25873, 29911, 32767, 32767, 32767, 32767, 32767, 32767, 32767, 32767, 32767, 32767, 31251, 27902, 26079, 26140, 25442, 23039, 18949, 16029, 14048, 9696, 4293, -1538, -7453, -12707, -16979, -20290, -24654, -30384, -32768, -32768, -32768, -32768, -32768, -31743, -27085, -20488, -15926, -10844, -6889, -5131, -2593, 519, 2112, 1864, 1854, 3519, 5119, 4988, 3745, 4049, 4388]","[1344, 2502, 180, -3738, -7057, -9593, -10558, -8871, -6338, -8147, -8922, -8409, -10741, -8467, -6897, -6915, -6687, -5555, -3724, -1440, 438, 1457, 1402, 1392, 1337, 1805, 1827, 355, -1118, -1986, -2613, -3266, -3880, -4251, -4641, -5764, -6383, -5250, -3876, -6227, -6099, -3618, -4453, -9373, -9280, -5398, -4339, -5521, -6153, -4544, -3298, -2586, -1889, -1049, -409, -114, -20, 15, 698, 946]"
