"[-7298, -9239, -14981, -20462, -24726, -28467, -29402, -26472, -24034, -20487, -17240, -14579, -11888, -9836, -7843, -6419, -6148, -5482, -1756, 1133, 1854, -299, -2416, -3660, -4384, -4657, -4959, -5808, -6282, -5839, -6224, -9476, -11683, -10269, -12499, -17616, -16694, -11152, -14422, -11658, -10001, -9105, -8097, -7823, -6933, -6597, -6541, -6430, -6768, -7013, -6714, -6793, -6976, -7250, -7697, -7664, -7190, -7208, -7044, -7068]","[16163, 16407, 14224, 12656, 10424, 8654, 6296, 3623, 746, -242, -1826, -2885, -3635, -4063, -2767, -55, 3793, 4628, 5399, 5829, 5834, 6044, 5573, 4287, 3646, 2816, 1915, 1907, 719, 827, 464, -739, 1969, 10224, 10163, 5136, 14257, 19358, 6784, 7791, 10950, 9053, 8209, 7501, 5900, 6688, 6817, 5053, 4599, 5130, 4250, 4341, 5075, 4986, 4108, 3648, 3732, 3203, 2566, 3076]","[-13318, -17660, -18521, -20425, -23785, -25172, -23805, -21653, -16332, -13344, -9893, -5505, -2170, 1775, 3928, 4962, 7724, 10263, 7126, 4429, 4457, 6952, 7323, 7342, 7313, 5543, 3264, 1684, -167, -2975, -4364, -4909, -9105, -13421, -9703, -9307, -15367, -13768, -7147, -9222, -8858, -7607, -6413, -4125, -3063, -2621, -2251, -2083, -1525, -851, -1242, -1235, -744, -213, 266, 377, 173, 891, 1328, 815]","[1195, -1246, -2234, -3193, -3223, -4067, -5594, -7535, -9340, -10589, -10730, -9515, -7669, -5522, -2913, -1609, -1964, -1824, 758, 1913, 703, -175, 694, 2145, 2248, 1108, 589, 1598, 1225, 2931, -537, 2238, 11136, 9367, -3389, 4271, 17544, 3914, -1444, 10838, 13944, 10053, 5600, 977, 1762, 4138, 1880, 387, 1268, 1887, 2833, 2931, 1893, 724, 273, -181, -1586, -1879, -485, 110]","[7367, 15012, 21817, 26097, 31400, 32767, 32767, 32767, 32767, 32767, 32767, 32767, 29392, 24086, 18707, 14630, 11745, 5995, 844, -452, -485, -1957, -4849, -6923, -10545, -15260, -17927, -19318, -22452, -23289, -22343, -24024, -29101, -28296, -22946, -25863, -29411, -15310, -11726, -13670, -10109, -8140, -6492, -5777, -5608, -5035, -4392, -3750, -3250, -2912, -1739, -268, 639, 1175, 1441, 1158, 959, 1509, 1258, 825]","[6567, 12293, 15924, 18300, 19643, 19413, 17782, 14282, 10854, 7912, 5470, 4153, 2321, 816, -899, -2184, -3137, -3098, -1403, -329, -687, -746, 49, 786, 734, -332, -2206, -4071, -4366, -5821, -10069, -14556, -14967, -15839, -19808, -23214, -19075, -9802, -9005, -8681, -5532, -4554, -5060, -6033, -5900, -4815, -4392, -4383, -4148, -2907, -2200, -1950, -1689, -619, 504, 509, 7, 297, 849, 781]"
"[-11972, -18852, -23942, -26592, -29328, -28769, -26408, -22798, -18030, -15282, -12209, -8005, -5497, -4681, -3272, -1427, -1536, -1113, -494, -1565, -2045, -141, 1610, 2040, 977, 168, 73, -854, -2372, -1891, -1198, -2225, -1791, -694, -789, -2672, -3888, -3268, -4087, -7185, -7265, -7006, -10936, -12788, -11522, -12239, -12978, -12039, -10392, -10122, -10088, -8989, -7983, -8225, -8510, -8142, -7817, -7841, -7841, -7817]","[18224, 15912, 10603, 8707, 6169, 1939, -1141, -2254, -2467, -3151, -3000, -2196, -569, -742, 470, 1851, 2429, 4047, 4151, 6133, 8875, 7108, 5792, 4154, 6493, 5038, 5372, 4752, 5353, 4921, 3707, 3643, 2670, 2117, 2451, 3068, 2161, 3367, 4576, 3727, 3516, 7283, 4606, 4731, 9849, 9798, 6487, 5593, 5589, 5929, 6652, 6789, 5846, 5221, 5346, 4499, 3229, 2621, 3075, 2498]","[-15368, -16315, -17767, -19658, -18752, -16530, -13602, -11226, -9323, -6044, -3104, -2491, -1526, 1072, 2142, 2037, 3015, 4167, 5868, 8995, 11165, 8644, 5830, 5146, 6507, 6465, 6665, 7589, 6806, 4203, 2924, 2351, 308, -1973, -3429, -3310, -4506, -6779, -6881, -6608, -8641, -8534, -7401, -8913, -9383, -8023, -6498, -6205, -6064, -3648, -2124, -2547, -2819, -1531, -330, -271, -487, -285, 325, 387]","[13374, 4991, -1087, -3330, -8679, -12997, -13042, -11041, -10272, -11362, -10475, -8264, -6937, -6237, -4289, -2365, -8, 2466, 4337, 3888, -76, -524, 1563, 2266, -863, -2844, -1675, 228, -272, -2344, -2587, -754, 839, 4806, 8518, 8668, 8893, 10320, 8098, 6402, 8764, 5044, 519, 7843, 7445, -3195, -3814, 862, -148, 630, 3241, 2376, -643, -423, -9, -964, -2127, -1763, -1258, -1258]","[14602, 21466, 24413, 28006, 32186, 32767, 32767, 31462, 31094, 30447, 26422, 22326, 21926, 20472, 15992, 14234, 13964, 11964, 10641, 9785, 6439, 562, -430, 265, -1247, -4238, -5389, -6772, -10812, -13889, -14425, -16040, -18981, -20730, -20698, -20206, -22422, -24549, -22366, -22221, -24158, -22066, -20444, -22711, -21100, -17641, -15885, -14561, -11620, -7714, -6886, -6006, -3278, -465, 285, 447, 975, 1496, 1441, 1048]","[15043, 19042, 19397, 19419, 19069, 18305, 16624, 14547, 12048, 9407, 6893, 5177, 4039, 3434, 1995, 1520, 2040, 3424, 4065, 2659, 640, 258, 939, -514, -1386, -1566, -1169, -648, -705, -2062, -3173, -3617, -4010, -5239, -6138, -6185, -6731, -7496, -7277, -7585, -8548, -9695, -11942, -12492, -11263, -11467, -10786, -8989, -9012, -8523, -5760, -3866, -2726, -1645, 174, 1361, 1335, 889, 1305, 1692]"
"[-23736, -25904, -25898, -26759, -25093, -20734, -17505, -14180, -11537, -9611, -6452, -5150, -4568, -3476, -2061, -1731, -4573, -2974, 1420, 2664, 1576, -74, -543, -1313, -1876, -2676, -3705, -3911, -5464, -7657, -7993, -8295, -11079, -12495, -9599, -12023, -13041, -13096, -10350, -10867, -10874, -9970, -9038, -8310, -8200, -7713, -7413, -7560, -7057, -6800, -7037, -7203, -7222, -7422, -8193, -8150, -7581, -7601, -7907, -7806]","[10580, 8132, 7807, 8441, 6108, 3577, 2159, -188, -2228, -1139, -765, -425, -16, 509, 1359, 1786, 7171, 5111, 3264, 4510, 5697, 4720, 4021, 3553, 3638, 2710, 1922, 1467, 89, -392, 971, 4351, 5160, 8904, 15626, 10722, 8699, 11618, 14156, 9324, 8583, 7319, 6205, 7391, 7798, 6705, 5355, 5251, 4489, 3680, 3697, 3611, 3382, 3255, 3907, 3746, 2880, 2035, 2372, 2008]","[-10985, -11794, -13405, -12660, -11677, -11731, -10474, -7843, -4656, -2511, -1576, 619, 3425, 4326, 4408, 5512, 13456, 13113, 6570, 5002, 5078, 5317, 5697, 4953, 3166, 1961, 871, -833, -1828, -3349, -7377, -9551, -9777, -13809, -14726, -11016, -9659, -9758, -9283, -6033, -3992, -2819, -1861, -1601, -572, 52, 294, 999, 960, 939, 1520, 1445, 642, 309, 1179, 1357, 1208, 1548, 2017, 2118]","[-7746, -5452, -644, -1146, -3861, -4608, -5140, -7910, -8858, -7723, -6354, -4896, -3457, -1694, 182, 1850, -3604, -5422, 3244, 5089, 646, -1252, 825, 1998, -54, -2900, -657, 3187, 4928, 7403, 8328, 5821, 3565, 9743, 4540, -5652, 135, 5807, 327, -5196, -8118, -9360, -2443, 4404, 4657, 3784, 4968, 6671, 6975, 6193, 5200, 4310, 4029, 3736, 3101, 1595, 720, 333, 450, -223]","[22670, 23110, 26516, 30377, 30452, 30008, 30886, 30517, 28448, 23894, 21878, 20819, 18401, 14225, 11923, 10512, 7205, 178, -3144, -3578, -4486, -6017, -7938, -10648, -12864, -14703, -17135, -18852, -19607, -22650, -25319, -24296, -25196, -27547, -22341, -19781, -20844, -23233, -17492, -13243, -12024, -10438, -7156, -3571, -942, 206, 1394, 1362, 945, 824, 401, -928, -1055, 503, 1332, 999, 1669, 2462, 2441, 2182]","[20201, 21563, 22143, 21041, 18673, 16533, 13946, 11351, 7470, 5836, 5034, 4176, 3876, 2508, 2043, 1276, -626, -2040, 1560, 2284, 53, -1019, -669, -699, -2377, -5336, -6564, -6083, -6321, -7602, -9191, -12230, -15493, -16264, -13207, -15452, -16273, -15768, -12354, -10205, -11341, -12998, -12147, -8504, -5919, -4157, -2577, -665, 435, 450, 512, 715, 894, 812, 1339, 1949, 2585, 2535, 2248, 2305]"
"[-9929, -8518, -11993, -32768, -32768, -32768, -32768, -32768, -32768, -27334, -22897, -9076, 7464, 11735, 7062, 166, 1093, 2517, -2519, -10020, -17409, -23853, -29507, -32768, -32768, -32768, -32768, -32370, -19914, -16287, -7028, -4369, -5133, -6966, -6585, -5876, -6622, -7614, -8049, -7057, -7336, -7934, -8108, -7058, -7010, -8107, -7630, -6843, -6714, -7425, -7576, -7455, -7301, -7228, -7526, -7460, -7334, -7013, -7226, -7186]","[25090, 32767, 32767, 32767, 22719, 5696, -7202, -19026, -21943, -14742, 4419, 9405, 3846, 2341, 6111, 11925, 7348, 3221, 1413, -469, -4557, -9475, -12241, -11490, -9050, -5994, 24336, 32767, 32767, 32767, 25657, 16092, 10464, 8331, 7945, 6468, 4450, 2209, 1773, 3141, 2378, 1754, 1545, 2322, 3826, 3580, 2480, 3079, 4442, 3247, 2508, 2401, 3272, 3162, 3238, 2622, 2823, 2874, 3295, 3234]","[-16430, -32768, -32768, -32768, -32768, -32768, -29609, -18784, 9950, 14066, 23637, 13530, -3548, -4845, 3163, 10301, 7332, 4820, 7336, 10034, 10428, 7208, 3250, -6511, -17957, -27777, -32768, -32768, -29458, -10568, -9052, -4482, -1230, 555, -1123, -2101, -44, 1762, 1239, -989, -960, 592, 1223, -876, -1444, 370, 236, -1221, -1645, -750, -100, -147, -387, -1389, -1003, -616, -322, -567, -650, -1002]","[8706, 10404, 31554, 1355, -16534, -16284, -13849, -6957, 283, 1196, -642, 5332, -2599, -7253, -1227, -3603, -4152, -1708, -1002, 229, 2981, 6477, 6891, 8639, 4177, 4036, 24063, -7650, -18362, 6315, 15982, 6812, 4633, 7933, 5710, 1484, -2002, -1273, 2965, 2596, -2082, -3255, 786, 5034, 2932, -289, 1610, 3894, 589, -1984, -434, 1384, 205, -254, 325, 929, 609, -391, -510, -242]","[-2909, 25277, 32767, 32767, 32767, 32767, 32767, 32767, 32767, 20007, 8820, -3965, -6357, 809, 3837, 2290, 777, 63, -2603, -7639, -15866, -25637, -32768, -32768, -32768, -32768, -32768, -26113, -10275, -4709, -4538, -1029, -145, -1572, -3020, -706, 682, 231, -1132, -1212, 154, 0, -1318, -1914, 212, -433, -2222, -2154, -87, 736, 686, 439, -52, -233, 780, 827, 463, 116, 45, 77]","[-5476, 26613, 32767, 24182, 18031, 17899, 14612, 9795, 4151, -463, -2267, 1949, -569, -6207, -2467, -693, -763, -295, -1123, -2127, -3100, -5127, -10433, -16322, -26017, -32768, -32768, -32768, -32768, -15827, -2249, -1541, -1241, 905, 796, 227, -336, -106, 880, 716, -876, -1990, -871, 148, -438, -1788, -793, 171, -89, -257, 403, 256, -209, 3, 678, 867, 347, -393, -600, 3]"
"[-8142, -9188, -12722, -19391, -24824, -28166, -30583, -29924, -25784, -21201, -17221, -13416, -10724, -8693, -7082, -6285, -4908, -4547, -8360, -4973, 2044, 4325, 3544, 3318, 3202, 2482, 1048, -661, -2128, -3545, -3625, -3550, -4516, -5618, -7740, -8828, -8922, -11368, -12071, -9919, -11548, -11903, -11161, -12334, -11981, -13804, -13062, -10919, -8533, -7069, -7596, -7318, -6540, -6559, -7000, -6970, -7053, -7373, -7818, -7725]","[18191, 25005, 16511, 18328, 14937, 10641, 7058, 2468, -1205, -2597, -2651, -2741, -3252, -2545, -2444, -931, 1447, 2055, 9261, 2682, 2974, 4520, 5966, 5116, 5775, 5860, 4994, 4055, 3732, 2437, 1427, 1150, 901, -1275, -1840, -263, 1093, 2956, 9642, 9964, 5513, 12566, 13807, 6878, 6354, 8977, 10893, 9112, 9641, 9322, 5901, 4779, 3397, 2869, 3126, 3129, 3419, 4400, 4061, 2720]","[-9672, -17605, -21441, -19893, -21345, -23680, -21805, -18008, -15021, -11832, -8558, -5624, -3588, -1344, 555, 2082, 3146, 5278, 16790, 14471, 5384, 3330, 6942, 7168, 5685, 5302, 5435, 5907, 7760, 8339, 6493, 4053, 2178, 985, -709, -4736, -8947, -10955, -14917, -16402, -15322, -13838, -10927, -8271, -8922, -7736, -7333, -8321, -8883, -6604, -2985, -1312, -1072, -867, -573, -1405, -1942, -1554, -1120, -1195]","[-1465, -4371, 5593, 9009, 2514, -1974, -8453, -13858, -13149, -9246, -7427, -8644, -8296, -6573, -3746, -1575, -1440, -1391, -8077, -10859, -48, 4225, -767, -1748, 770, 2464, 2447, 2374, 2014, 1281, 2629, 3735, 1515, 21, 3383, 6909, 7112, 9331, 9071, -509, 5956, 16229, 4763, -3504, 1795, 4568, 2451, 4693, 8123, 6359, 4477, 4174, 4183, 4826, 4203, 3288, 2991, 2168, 254, -112]","[-2196, 3281, 13395, 23724, 27836, 32767, 32767, 32767, 32767, 32767, 32767, 30749, 28166, 24473, 21701, 18549, 15600, 14766, 11046, -1740, -3782, -400, 209, -525, -758, -1069, -1568, -1963, -4026, -9192, -14020, -16968, -18005, -19710, -23671, -28179, -29411, -29133, -32115, -25206, -18864, -17875, -12751, -12063, -10968, -9608, -10634, -11596, -9609, -2669, 207, -637, -1365, -1344, -1921, -2455, -1719, -1126, -843, -40]","[-5611, 6807, 17961, 21655, 22095, 21192, 18520, 16318, 14070, 12575, 9854, 6149, 3621, 2665, 2030, 575, -139, -565, -1754, -4806, -1424, 2565, 1982, 212, 377, 1655, 1661, 1260, 934, 309, -272, -1010, -3265, -6454, -8780, -10155, -12697, -16938, -17487, -17803, -20896, -15490, -12092, -14804, -14390, -12785, -12121, -10196, -7718, -2658, -168, 436, 405, 306, -264, -1028, -1218, -475, 324, 1023]"
"[-8436, -6962, -10785, -17571, -23561, -29318, -32768, -32768, -29552, -25871, -20678, -18823, -14568, -10885, -9453, -7188, -9685, -10146, -875, 5185, 4190, 798, 1814, 3194, 2578, 139, -2029, -3899, -4523, -5460, -6368, -7153, -7767, -9425, -9327, -7974, -9300, -11353, -12029, -10544, -10046, -10624, -11530, -11035, -10700, -11551, -11864, -10685, -8958, -7858, -7758, -7785, -7373, -6840, -7010, -6991, -7062, -7508, -7689, -7963]","[17607, 23378, 24279, 22945, 17625, 15184, 12082, 3692, -779, -2743, -3959, -6663, -6407, -4272, -1601, 984, 7081, 3943, 3104, 2950, 3888, 6719, 7291, 4994, 3239, 3140, 2794, 2202, 1585, 1198, 422, 75, 1141, 2546, 3697, 4512, 7057, 9359, 7647, 6337, 11422, 13803, 10225, 7584, 8436, 9885, 9354, 7903, 7812, 8475, 7668, 5079, 4043, 3344, 2726, 3598, 3506, 3216, 3135, 3053]","[-7338, -16258, -19231, -20932, -26008, -30392, -27372, -23663, -20085, -14939, -12651, -6380, -1022, 813, 4354, 6417, 13908, 16930, 6676, -779, 2696, 10430, 7394, 4444, 5400, 7643, 7519, 7367, 6997, 6515, 4817, 2687, -66, -4119, -9212, -12075, -11766, -11302, -12104, -14026, -13733, -9337, -6177, -5551, -4447, -2165, -994, -1901, -2944, -2841, -1385, -139, 494, 762, 939, 731, 245, 223, -22, 77]","[574, 6021, 9546, 1902, -834, 744, -5472, -13909, -12821, -8298, -8315, -10026, -5982, -2343, -1948, -3281, -11814, -10022, -601, -672, -3873, -2490, -474, -896, -163, 3016, 5501, 4387, 4293, 5078, 7446, 9377, 7891, 3182, 745, 5009, 8856, 3524, 2107, 9944, 13417, 3121, -8050, -6949, -3196, -2916, -2830, 53, 4008, 4837, 3246, 3813, 5091, 4815, 4171, 3124, 1460, 182, -661, -1657]","[-1617, 6284, 16273, 21453, 25336, 32767, 32767, 32767, 32767, 32767, 32767, 32767, 29821, 24920, 21676, 15129, 8163, 3162, -1867, -3254, 128, -1129, -2230, -1423, -416, -1410, -3359, -6492, -9784, -13661, -17879, -21833, -25470, -29335, -31232, -27271, -22753, -23878, -26498, -23730, -15744, -10109, -9399, -8982, -6438, -3973, -4666, -5265, -3896, -1453, 726, 1794, 2264, 2301, 1242, -396, -718, -644, -372, 496]","[-373, 11533, 20649, 24156, 26342, 27420, 24538, 18945, 16491, 14004, 9707, 5058, 2712, 1498, -1078, -2994, -4061, -5292, -514, 551, -1166, -742, 109, 5, -266, 733, 972, -457, -2059, -2467, -2826, -3363, -5643, -10327, -15002, -14457, -11658, -13980, -17230, -17420, -15929, -15314, -16970, -17527, -16746, -15431, -12658, -9930, -7080, -4286, -889, 2002, 2808, 2367, 1254, 559, 570, 456, 365, 409]"
"[-9286, -8460, -12190, -20395, -24250, -28535, -32768, -32768, -31564, -26513, -23312, -20532, -13884, -11372, -9253, -12086, -10833, 1053, 3598, 2823, 1594, 1537, 1367, 1001, 501, 302, -687, -2041, -3032, -3674, -3926, -4114, -4611, -6423, -8297, -7756, -9467, -13702, -13814, -12142, -14405, -14831, -12487, -12348, -12259, -12012, -11526, -10729, -9957, -8826, -8399, -8080, -7651, -7565, -7330, -7562, -8139, -7974, -7721, -7759]","[17436, 20690, 18810, 18929, 16208, 14177, 13062, 9480, 3036, 222, -2195, -4607, -5038, -3873, -2103, 2884, 4473, 1505, 2065, 3434, 5175, 5936, 7601, 7470, 6100, 4101, 3849, 4226, 2814, 445, 110, 81, -732, 535, 2330, 2798, 1508, 6073, 9766, 8992, 8518, 11308, 11286, 7036, 7134, 8742, 7681, 6909, 6621, 6402, 5524, 5320, 5094, 4043, 3800, 3737, 3587, 2685, 2128, 2365]","[-5711, -12781, -15054, -11173, -15455, -20897, -23656, -24139, -21812, -18321, -12981, -5916, -4227, -508, 3533, 8390, 18216, 2852, 198, 4003, 6634, 6040, 5503, 6242, 7879, 7539, 7155, 6655, 6122, 6120, 5603, 3055, 1221, 130, -1936, -5850, -7105, -8165, -9834, -13093, -12574, -10280, -9216, -7818, -6439, -4715, -4183, -3886, -3047, -2036, -1051, -574, -66, 159, -208, 85, 745, 570, -58, -69]","[-5156, -3063, 634, -5018, -8127, -4397, -5045, -12701, -14599, -8295, -6188, -6936, -2508, -674, -1278, -3070, -8878, 1044, 1430, -4524, -5265, -1106, -444, -2150, -2425, -204, 2149, 724, 646, 4027, 6259, 4293, 4057, 6207, 6238, 4987, 6732, 15310, 12096, 6230, 9421, 11133, 2479, -3367, 531, 2585, 1554, 765, 654, 1121, 2189, 2930, 2805, 3199, 3648, 3151, 2083, 965, 299, -19]","[-236, 4310, 15863, 20040, 19494, 25188, 31669, 32767, 32767, 32767, 32767, 32767, 26741, 25944, 20492, 21920, 9087, 33, 4528, 6624, 5743, 3725, 2963, 2533, 836, -1192, -2740, -4883, -6940, -9853, -13587, -16927, -19161, -22077, -25604, -27461, -26471, -27291, -31161, -27221, -21527, -20780, -17932, -13403, -10460, -8717, -6590, -4102, -2448, -941, 300, 618, 596, 114, 85, 870, 189, -845, -430, 657]","[-3597, 9181, 18912, 22504, 25115, 29719, 29883, 26411, 23524, 22403, 18584, 13442, 11109, 8270, 4296, -787, -3841, 2791, 1637, -3400, -4558, -1579, -845, -1427, -1041, 174, 882, -124, -810, -418, -1034, -3509, -6308, -7886, -9751, -13072, -17164, -19695, -17154, -18311, -19576, -16256, -15025, -15620, -15752, -12385, -9962, -8332, -6747, -4882, -2739, -1677, -755, 208, 282, 784, 1077, 1193, 656, 578]"
"[-9852, -11042, -12281, -18951, -25247, -28168, -30344, -30048, -26539, -21928, -17836, -14825, -12151, -9535, -7576, -6779, -5459, -3371, -3145, -1853, 1045, 1942, 1457, 715, -250, -1682, -2402, -2796, -2947, -3450, -4867, -5875, -6614, -8570, -11585, -13153, -14644, -16819, -16526, -18291, -19036, -15966, -11891, -10578, -9752, -9010, -8270, -7378, -6599, -6660, -7473, -7730, -7388, -7526, -8093, -7948, -7656, -7767, -8112, -8229]","[18532, 22253, 16265, 15152, 15879, 12225, 8217, 6182, 3187, 1840, -964, -2064, -2370, -1661, -1573, -919, 726, 975, 3450, 3348, 3736, 2871, 4064, 4104, 3930, 3073, 2206, 1388, 175, 286, 110, -228, 725, 1038, 90, 6033, 8108, 6433, 12953, 10642, 7203, 11146, 12232, 8071, 6466, 6300, 5978, 4511, 2594, 4100, 5446, 4311, 2143, 1522, 2583, 3057, 2610, 2075, 1950, 2011]","[-5516, -12445, -19173, -16950, -14919, -16096, -15593, -14187, -13024, -11118, -8961, -6205, -3466, -1027, 1202, 4040, 6131, 7473, 11212, 10231, 6702, 6166, 6575, 6614, 6561, 7321, 6938, 5147, 3178, 2062, 640, -2234, -4279, -5330, -8105, -10283, -10172, -12620, -11159, -9239, -10522, -11087, -9887, -7220, -5071, -3376, -2341, -2370, -2930, -2370, -954, -540, -927, -599, -81, -221, -612, -412, 300, 585]","[-3989, -9899, -4323, 645, -2834, -10107, -12138, -10518, -8347, -7120, -6952, -5867, -4645, -2126, -478, -798, -3039, -4353, -5724, -7230, -5653, -2612, 518, 1989, 2938, 2307, 2038, 3365, 6056, 7041, 4612, 4751, 6915, 7052, 10686, 11179, 1711, 7150, 10873, -862, 208, 4769, 4428, 4682, 5921, 5037, 2133, 46, 2379, 5297, 3655, 412, 154, 3006, 4517, 2370, -224, -956, -799, -1081]","[-784, -1433, 8042, 19361, 23144, 25591, 28523, 29192, 29608, 30102, 30582, 29936, 27594, 25148, 23277, 20688, 16667, 12351, 6839, 738, -477, -577, -1767, -2783, -3225, -5832, -9672, -13207, -15828, -17697, -21315, -24491, -25928, -26709, -29439, -31105, -28380, -25317, -21055, -19294, -19609, -17166, -9849, -3978, -1599, -401, -290, -398, 318, 1807, 1469, 209, 297, 556, -84, -542, -25, 780, 716, 27]","[-3175, 7267, 17542, 21251, 23403, 25012, 25728, 25954, 24875, 22235, 18562, 15065, 12359, 10047, 7647, 4045, 264, -1556, -2276, -3503, -2889, -685, 541, 686, 104, -297, -1164, -1658, -1812, -2851, -5657, -9535, -11697, -12920, -16080, -18076, -19956, -20653, -16310, -16454, -20542, -18706, -11333, -5557, -3433, -2226, -1781, -1931, -2283, -2222, -372, 790, 912, 1103, 1156, 892, 512, 577, 996, 812]"
"[-10585, -9193, -18213, -26445, -32096, -32768, -32768, -31791, -26406, -22737, -18056, -13297, -11709, -9553, -7282, -9417, -7121, 630, 3882, 3059, 3216, 3964, 3857, 3370, 3410, 3544, 3647, 2767, 2814, 3078, 2245, -773, -3420, -6340, -8590, -9801, -11198, -12717, -15711, -18045, -16163, -19677, -19243, -16894, -15512, -15490, -12854, -10433, -9374, -9503, -9432, -8424, -7924, -8150, -7789, -7297, -7432, -7745, -7665, -7256]","[18775, 27849, 19683, 21174, 16459, 8403, 1402, -1332, -3809, -5353, -5649, -6220, -4623, -1203, -266, 4534, 3019, 2853, 3881, 5313, 4695, 5609, 7288, 6727, 5033, 5127, 5926, 6393, 4719, 4405, 5050, 3926, 1832, -361, -1589, -2008, -2618, -2222, -1227, 1541, 8395, 10330, 13831, 14466, 13957, 14731, 13476, 10525, 9747, 8039, 7027, 7387, 6146, 4485, 4249, 4487, 3360, 3022, 3476, 3490]","[-10202, -23967, -28219, -27217, -28327, -25979, -20120, -17828, -15278, -9284, -4956, -3321, 1541, 5062, 5630, 13649, 14784, 5478, 2405, 7294, 8156, 6164, 4488, 5321, 5919, 5582, 5046, 5885, 5811, 5284, 5574, 7079, 8160, 9388, 7455, 4152, 1012, -2091, -4689, -11419, -16403, -16659, -15515, -14211, -11262, -6747, -5294, -4178, -2676, -992, -482, -1004, -532, 279, -35, -688, -149, 683, 617, 146]","[-1276, -698, 7782, 5210, -9129, -18159, -17223, -10799, -9362, -10105, -9538, -5778, -2930, -3374, -3496, -6015, -7831, -671, 1380, -1801, -209, 3498, 1291, -1905, -169, 2595, 1650, -162, 862, 2091, 1536, 411, 1034, 3262, 5046, 5305, 4168, 2917, 1435, 3002, 1489, 1177, 5107, 2374, -2026, -3765, -4446, -1477, 917, 2111, 5213, 5265, 4421, 6520, 7620, 4889, 2005, 1816, 1458, 360]","[-2233, 5585, 22140, 30908, 32767, 32767, 32767, 32767, 32767, 32767, 32767, 30147, 27362, 20453, 15570, 10445, 28, -3015, -1475, -1211, -2810, -2754, -1508, -889, -1445, -2159, -1734, -1426, -1636, -2368, -3128, -4619, -7196, -11565, -18903, -24409, -27768, -29913, -32768, -32768, -31002, -24326, -22828, -18119, -10909, -8449, -7814, -5221, -2367, -1049, -1773, -2030, -747, -573, -1564, -883, 310, 102, -772, -387]","[-6726, 10999, 23961, 25021, 24858, 25261, 23763, 21984, 18477, 12883, 10034, 7128, 3574, 237, -632, -1295, -3076, -1232, 642, 502, 434, 1289, 623, 285, 719, 1058, 144, -63, 143, -63, -427, -852, -1434, -1997, -3148, -4936, -7927, -12040, -16107, -21704, -24128, -26114, -23375, -21908, -21080, -18802, -15082, -11723, -8737, -7156, -5237, -4098, -2893, -1220, -397, -707, -814, -804, -525, -240]"
"[-5974, -10194, -10152, -12467, -19071, -23999, -27132, -30753, -31087, -27562, -24333, -20939, -16637, -14332, -12953, -9771, -8314, -9615, -13055, -8524, -6437, -6175, -5918, -5799, -5773, -6221, -6739, -6483, -7189, -10008, -7464, -7253, -10225, -11598, -10900, -11019, -11550, -12353, -12829, -12279, -9804, -7763, -8077, -8696, -8557, -7652, -7175, -7030, -7121, -7656, -7793, -7584, -7763, -7848, -7984, -7973, -7853, -7781, -7975, -8192]","[17113, 22094, 20651, 20206, 18845, 17797, 17729, 16166, 10736, 6389, 2770, -755, -2232, -5491, -6635, -4694, -3293, -63, 2707, 620, -293, 150, -111, 221, 1354, 1759, 3635, 5417, 4027, 6072, 11806, 11608, 9187, 9470, 17437, 13790, 7344, 9439, 12389, 11050, 9574, 8855, 7445, 6634, 5051, 3293, 2507, 2940, 3385, 3227, 3051, 2519, 2109, 2029, 1636, 1414, 1379, 1050, 1326, 1601]","[-7110, -9222, -14649, -16809, -14369, -15151, -20623, -21436, -20486, -19208, -16453, -12533, -9569, -4865, 1282, 3843, 5968, 10765, 18435, 12673, 8196, 6329, 5132, 2742, -971, -3048, -4390, -7243, -8123, -7958, -12919, -10522, -7672, -8749, -9405, -6865, -5375, -3938, -2293, -2211, -3638, -3993, -2038, 191, 840, 93, -344, -436, -142, 86, 66, -235, -208, 168, 548, 532, 418, 464, 769, 1041]","[830, -5665, -3907, -1744, -3457, -7701, -10126, -12640, -14778, -12526, -10463, -7507, -5972, -4920, -1244, 63, -156, -1366, -5482, 1379, 4073, -451, -2427, 2062, 5670, 5914, 6189, 5119, 5213, 13325, 13293, 120, -3119, 13830, 14677, -4472, -4448, 4370, 4123, 2631, 4430, 5728, 5204, 3372, 1001, 531, 1404, 2121, 1609, 870, 177, 236, 1086, 1393, 904, 247, -92, -313, -899, -1739]","[4137, 5411, 7280, 15632, 22407, 22773, 24632, 29511, 29226, 30141, 31275, 31760, 30997, 30895, 27118, 21200, 18125, 14150, 4883, -3141, -7476, -10553, -13907, -17647, -19884, -20511, -22729, -24563, -22803, -23757, -23944, -17066, -15786, -17643, -16074, -11990, -11471, -11254, -9913, -9622, -7103, -618, 4740, 5083, 2363, -13, -577, -282, 47, -260, -744, -388, 431, 858, 817, 864, 1102, 1524, 1660, 1158]","[-3116, 6796, 14226, 21201, 24779, 25091, 25996, 27079, 25898, 25405, 23713, 20593, 17627, 14627, 10983, 7043, 3146, -400, -2303, -336, -188, -4842, -8870, -9090, -9480, -11337, -13208, -14304, -16923, -16660, -12015, -14960, -19728, -15144, -13357, -17731, -20272, -19549, -19608, -18115, -15071, -10653, -6470, -3679, -1485, -862, -385, -356, 47, 462, 846, 1317, 1988, 2620, 2706, 2319, 2183, 2126, 1651, 1566]"
"[-17938, -21948, -25162, -25675, -25540, -23447, -20865, -18150, -14795, -10783, -10183, -17304, -5794, 3014, 5014, 2064, 814, 438, -847, -1620, -2373, -3662, -4427, -5048, -5822, -6583, -6886, -9001, -11257, -11305, -9589, -12575, -14223, -13638, -10711, -9063, -9507, -8697, -7611, -7520, -8136, -7825, -7468, -7601, -7850, -8000, -7411, -7289, -7906, -7956, -7426, -7476, -7916, -8015, -7653, -7375, -7457, -7747, -7776, -7624]","[16777, 14756, 13315, 8987, 4490, -322, -4045, -4958, -7099, -5566, -2250, 5062, 37, 780, 4179, 8484, 5744, 4344, 4090, 3825, 2204, 1240, 670, 552, 1224, 2692, 2591, 2971, 3784, 5614, 9417, 3121, 6130, 10544, 11019, 8890, 5768, 4767, 4886, 4783, 5306, 4199, 3503, 3704, 3832, 2870, 2868, 2941, 2959, 2531, 2101, 2382, 2356, 1888, 1274, 1710, 1690, 1598, 1541, 1392]","[-18525, -21904, -22245, -21830, -19189, -15617, -10398, -5396, -2046, 465, 3167, 23795, 10249, 1244, -1301, 6661, 8844, 5646, 5476, 4490, 4522, 5026, 3583, 270, -3579, -5281, -6051, -7344, -10694, -13451, -13816, -13603, -15138, -14745, -14645, -11132, -7071, -5582, -5074, -3749, -2068, -1944, -2167, -2035, -1308, -1054, -1604, -1503, -559, -375, -1096, -892, -189, 268, -89, -273, -128, 30, -13, -206]","[-2631, -5558, -7744, -12142, -14797, -12328, -7470, -6052, -5235, -3030, -2928, -15945, -5683, 5299, 6488, -4322, -912, 5401, 5702, 2828, 3006, 5569, 7382, 8175, 7626, 7049, 8905, 10537, 9323, 10418, 2577, -1656, 9383, 8469, 1951, -2452, -3359, -1038, 915, 2123, 1938, 1592, 3032, 3961, 4526, 5179, 5029, 3145, 981, -293, -720, -986, -1707, -1861, -697, 155, -47, -204, -11, 402]","[21846, 27901, 32418, 32767, 32767, 32767, 32767, 32767, 29421, 23904, 22581, 10851, -2094, -2153, -1654, -1121, -1911, -1852, -4931, -8152, -9329, -12204, -17296, -21257, -23641, -24825, -26215, -27986, -30856, -31115, -26368, -22780, -23347, -23238, -17886, -9608, -5944, -4900, -2893, -320, 127, -1120, -1213, -556, -20, -688, -659, 611, 698, -338, 16, 886, 1166, 318, -413, -211, -47, -61, -452, -854]","[20140, 22053, 23203, 21737, 19888, 18743, 15853, 11435, 7462, 3779, -1056, -5124, -5049, 2118, 2387, -591, -207, 2642, 3443, 1335, -156, -878, -1265, -2866, -5779, -7446, -6547, -6407, -8659, -10289, -9667, -13499, -16773, -15126, -13091, -8355, -6817, -6595, -6027, -4818, -3390, -2053, -1083, -347, 1086, 2268, 1985, 1610, 1284, 1222, 555, 592, 646, 884, 924, 791, 741, 544, 625, 745]"
"[-11344, -13390, -18430, -22812, -24795, -25805, -25525, -22046, -18419, -14743, -11323, -8581, -6642, -6734, -7607, -9058, -7117, -4577, -4950, -4789, -4998, -5857, -6828, -7652, -8647, -11031, -12516, -11853, -13869, -16558, -13070, -14112, -12923, -12481, -9569, -8303, -7843, -7906, -7842, -7653, -7584, -7628, -7593, -7175, -7436, -8014, -7964, -7658, -7899, -7948, -7930, -7646, -7397, -7982, -8170, -7657, -7413, -7873, -7958, -7701]","[15696, 19495, 17711, 12837, 8391, 5029, 1095, -2360, -3675, -5017, -4807, -4371, -3646, -1377, 741, 5328, 2727, 1235, 2188, 893, -290, -608, 1544, 1715, 631, 3378, 8609, 7345, 5565, 13386, 16941, 7286, 9989, 14264, 12821, 6390, 6235, 8132, 6455, 5430, 4426, 3374, 3326, 2848, 1237, 1628, 1909, 1667, 1686, 1588, 1606, 1679, 1663, 1459, 2099, 1536, 678, 1552, 1911, 1123]","[-17726, -23723, -25481, -25608, -25892, -24405, -20506, -16680, -11531, -7283, -3445, -297, 2759, 6499, 9047, 13838, 12327, 6948, 6980, 4564, 2013, 149, -1944, -4392, -7255, -9009, -9708, -12409, -11892, -12137, -12316, -10106, -10411, -7509, -6261, -5349, -4406, -3048, -2430, -2002, -1615, -1257, -861, -359, 482, 1028, 772, 88, 332, 779, 1147, 690, -26, 419, 612, 13, 88, 566, 464, -170]","[-8402, 1455, 824, -6512, -11823, -14927, -16615, -13987, -10358, -8776, -6944, -5260, -2826, -2485, -2473, -5519, -264, 7738, 5708, 2165, 2403, 5947, 7083, 4057, 5188, 10954, 7299, -112, 5028, 14524, 5154, -1165, 9678, 10772, 2207, -8, 5160, 6263, 5257, 5018, 5081, 5545, 4567, 1574, -730, -717, -228, 297, 384, 441, 502, 158, 15, -164, -747, -811, 726, 970, 29, 682]","[11902, 19511, 28408, 32092, 32767, 32767, 32767, 32767, 32767, 29728, 25899, 21677, 18542, 14956, 10157, 4292, -3137, -6302, -9793, -14281, -16845, -19495, -22729, -25314, -25850, -26508, -28676, -27884, -23092, -22151, -18825, -13606, -11715, -11237, -8809, -6249, -4644, -3290, -2787, -2373, -1195, -41, 703, 1434, 1809, 1058, -155, 190, 907, 731, 312, -114, 306, 848, 90, -89, 718, 521, -338, -522]","[13051, 21483, 25260, 23155, 20700, 19084, 16834, 15284, 13367, 10057, 6820, 4662, 1878, -464, -2546, -3647, -1078, 1386, 786, -2459, -4902, -6221, -7160, -9848, -13570, -15266, -14145, -17417, -22433, -20701, -14613, -17121, -18000, -14022, -10619, -8345, -7360, -5187, -2699, -1249, -19, 1087, 1555, 1643, 699, -321, 177, 437, 396, 435, 555, 390, 284, 131, 3, 344, 326, -190, -176, -41]"
"[-12318, -15908, -18925, -21465, -22460, -21851, -20812, -18966, -16206, -13875, -12046, -9387, -7407, -6585, -5687, -8613, -5970, -1866, -707, -1641, -2222, -3051, -3984, -4650, -4603, -6488, -8319, -8349, -9344, -13496, -12971, -9045, -12166, -11414, -8264, -8009, -8455, -8168, -9466, -10339, -10559, -9924, -8098, -6968, -7391, -7486, -6885, -6451, -7041, -7415, -7146, -7494, -7807, -7952, -7493, -7335, -7701, -7225, -7701, -6949]","[15489, 14967, 14539, 9699, 5775, 2090, -192, -2797, -3484, -4009, -4259, -3535, -2231, 451, 2678, 8350, 6076, 3285, 3742, 4061, 3160, 2840, 1719, 769, 180, 1985, -15, 275, 4698, 5374, 6471, 9966, 4486, 5692, 11114, 9236, 6026, 7002, 7580, 8043, 8168, 8594, 8051, 6471, 5778, 4909, 4058, 3416, 3315, 3383, 2219, 2250, 2655, 2550, 2286, 2088, 2068, 2211, 2415, 2088]","[-17222, -21621, -26140, -27199, -26229, -24756, -20572, -14773, -9509, -5274, -841, 1845, 2823, 5171, 5789, 13411, 13008, 8164, 5573, 4678, 4488, 5988, 4826, 2506, 1289, 1878, -1763, -7582, -8828, -9514, -17891, -18940, -14237, -18159, -20497, -14988, -9735, -7833, -5582, -5054, -4908, -4958, -5407, -4710, -2352, -763, -613, -276, 614, 848, 494, 692, 984, 1014, 483, 640, 1279, 1048, 1106, 615]","[-4104, -2448, -2098, -5583, -10368, -13890, -14859, -12938, -9421, -7478, -5524, -3152, -1027, 727, 1009, -6162, -5990, 2137, 4290, 364, 82, 1117, 1404, 3110, 4600, 2894, 1149, 6955, 12417, 10212, 13146, 13732, 11068, 15278, 11437, -4171, -9545, -6222, -4228, -1652, 1902, 3572, 3749, 6321, 7698, 5315, 2479, 2192, 2754, 1971, 1313, 1782, 1560, 1001, 185, 199, 547, 503, 76, -869]","[16309, 21054, 25289, 31175, 32698, 32767, 32767, 32767, 32518, 30389, 27807, 22595, 19128, 15106, 11141, 6440, -279, -3542, -5010, -6796, -7805, -10528, -14687, -17378, -18579, -21446, -27074, -28726, -26393, -30291, -32768, -24126, -22303, -24627, -22453, -14698, -13324, -12783, -12445, -12763, -12664, -12218, -9533, -4225, -393, 84, -28, 1019, 1610, 595, 543, 1012, 1135, 730, 697, 1555, 1839, 1499, 1143, 1274]","[17176, 20103, 23219, 22555, 18972, 15782, 13336, 12323, 10743, 9081, 6326, 3310, 1442, 223, -1310, -3901, -3626, 271, 1031, -900, -1783, -1389, -2004, -2539, -3825, -5843, -9049, -11318, -10407, -9897, -10452, -5450, -5337, -6700, -5867, -9408, -13983, -14021, -14424, -14352, -12482, -10751, -7675, -2888, 410, 861, 418, 861, 1686, 1591, 1680, 1411, 1447, 1567, 1365, 1149, 1250, 1198, 1074, 987]"
"[-22482, -24961, -25802, -24659, -21656, -18065, -15503, -12173, -9796, -9145, -7708, -7869, -8209, -494, 3513, 4567, 3961, 2004, -126, -654, -383, -1581, -2558, -2308, -3052, -4748, -3476, -4567, -7288, -8879, -10183, -12323, -13876, -14346, -12796, -14333, -14565, -13762, -13119, -12038, -10784, -9223, -8515, -7904, -7083, -7144, -6866, -6731, -7177, -7646, -7712, -7774, -7944, -8042, -7665, -7896, -8136, -7997, -7708, -7728]","[15520, 13638, 9056, 3281, -1007, -3918, -4824, -4422, -4246, -2571, -1218, 3957, 3339, 672, 3638, 5913, 3750, 2764, 3934, 3666, 2977, 2386, 2664, 2231, 2167, 3929, 3599, 3102, 3640, 4856, 6486, 6587, 3850, 4634, 9410, 10106, 8873, 8136, 7602, 8030, 7799, 6987, 5644, 4441, 3692, 3756, 3116, 2211, 1969, 1798, 1803, 2038, 2230, 1941, 2208, 1420, 2194, 2062, 1698, 2667]","[-20107, -22464, -21959, -19171, -16367, -12075, -6456, -3341, 580, 6019, 7406, 11671, 17448, 7632, 2299, 2632, 5227, 8942, 9896, 8806, 6877, 4441, 2847, 1924, 361, -1860, -3518, -3831, -5568, -7556, -8373, -8732, -10444, -12711, -12384, -7960, -6220, -5649, -4754, -4031, -3704, -3114, -1434, -330, -167, 140, 4, -298, -265, -69, -172, -380, -253, -168, 294, 746, 1134, 960, 667, 454]","[-8836, -10743, -12651, -12905, -11583, -7895, -6134, -4125, -1545, -533, -625, -4970, -10319, -351, 6811, 1459, -2275, 1865, 5588, 4357, 3022, 3321, 4109, 3583, 2418, 1799, 2632, 4002, 3888, 3863, 3044, 1037, 4239, 12929, 12217, 1015, -6878, -7726, -3406, 1952, 5221, 6043, 6611, 7466, 7440, 5630, 4017, 3800, 3549, 3465, 3525, 2797, 1567, 1139, 701, 318, 206, 83, 1057, 555]","[24417, 28192, 31305, 32217, 32165, 32754, 30088, 25831, 24431, 20008, 14047, 10295, 74, -3214, -2390, -1097, 57, -559, -3553, -7959, -11347, -13445, -15293, -17085, -18248, -19983, -20470, -20470, -22177, -23613, -23859, -23923, -24022, -22560, -16899, -12856, -12590, -10817, -7580, -4668, -2733, -140, 2097, 2374, 1705, 922, -123, -276, -80, -225, -504, -229, 117, 703, 1110, 1691, 1163, 22, 45, 953]","[22640, 24122, 24148, 22404, 19416, 16442, 13453, 9999, 8222, 5983, 2342, -914, -2894, -812, 1688, 374, -1221, -162, 1469, 1580, 493, -761, -1111, -2360, -5229, -7866, -7921, -8555, -11963, -16076, -18382, -19210, -20628, -21583, -19123, -16788, -17054, -16666, -13690, -9028, -4969, -1913, 935, 2801, 3025, 2409, 2290, 2682, 2520, 2148, 2105, 1893, 1587, 1666, 1902, 1953, 1254, 1437, 1616, 974]"
"[-8837, -8622, -13007, -18877, -24524, -31071, -32768, -32631, -29566, -25525, -21663, -16859, -11728, -9201, -9216, -11305, -7589, 368, 3515, 2085, 2103, 1044, -800, -3538, -4753, -4974, -5222, -6744, -7683, -8247, -8017, -10090, -14032, -13920, -9931, -15538, -15936, -15459, -13620, -11024, -9356, -8951, -8436, -7613, -7149, -7093, -7018, -6961, -7079, -6951, -7238, -7393, -7081, -7148, -7273, -7466, -7715, -7508, -7197, -7431]","[18265, 20297, 19681, 18499, 15414, 13206, 8599, 1401, -3649, -3713, -4360, -6430, -2985, -1687, 652, 8630, 5578, 2731, 2362, 5225, 6097, 6229, 6774, 6867, 3779, 1248, 1346, 2520, -328, -351, 3717, 2432, 1262, 4091, 11257, 7485, 8945, 12082, 12052, 9065, 8581, 9864, 8154, 7074, 6474, 5005, 4492, 4235, 3874, 3011, 2823, 3409, 2695, 2927, 3830, 4087, 3316, 2767, 3033, 3163]","[-12036, -16872, -17726, -20486, -26471, -29104, -27165, -20907, -15541, -10603, -2347, 2726, 3251, 4568, 7487, 15925, 13465, 3897, 2350, 6816, 6330, 5223, 5075, 7398, 7593, 5252, 2592, 2301, 366, -4485, -7622, -7579, -11446, -17053, -18113, -11877, -11776, -10482, -9499, -9772, -8645, -5819, -4422, -4211, -3550, -2707, -1753, -1322, -1085, -997, -613, -337, -969, -1230, -1405, -1083, -669, -949, -1286, -938]","[1726, 5753, -1278, -5092, -2197, -2591, -10441, -14132, -8306, -2971, -4628, -3577, -1299, -1108, -2290, -9235, -8466, 3080, 5976, 2906, 2086, 4693, 4243, -955, -3183, 453, 3236, -472, -4501, 2940, 7561, 4835, 5047, 9316, 4691, -2180, 5002, 7777, 3965, 2919, 3889, 4451, 6054, 5629, 1749, 781, 3179, 3833, 1787, 651, 1450, 1774, 1643, 2265, 1620, -159, -623, 588, 1855, 1354]","[3430, 9737, 17777, 20702, 25706, 32767, 32767, 32767, 32767, 32767, 32767, 29841, 23382, 20605, 17991, 10928, -122, -1676, 1005, 66, -3196, -4796, -4814, -6652, -11567, -16426, -18541, -20004, -24665, -28405, -28512, -28278, -32768, -32768, -26671, -18085, -18204, -17011, -15186, -11713, -6796, -2560, -1618, -1379, -28, 1050, 1521, 1207, 707, 598, 364, -400, -1045, -845, -565, -24, -222, -428, 345, 891]","[6661, 14090, 17187, 20019, 24714, 25058, 21844, 19540, 18424, 15442, 11298, 5849, 2399, 58, -3437, -5838, -4909, 645, 2423, 854, 1069, 2179, 1745, 180, -534, -445, -1116, -4081, -8441, -11118, -9782, -9776, -16247, -20747, -17412, -16888, -16781, -14739, -13715, -10136, -8486, -6705, -3089, -1151, -1213, -935, 350, 1447, 1055, 559, 652, 885, 705, 141, -92, 53, 580, 849, 1104, 1215]"
"[-5091, -8043, -9724, -12577, -16790, -20759, -24390, -26764, -26461, -23648, -20556, -18380, -17068, -14285, -12528, -7087, -2537, -2416, -1486, 510, 1077, 335, -1138, -2068, -3316, -4101, -4561, -4657, -6169, -7525, -7331, -7550, -10068, -10582, -7288, -7606, -7812, -6669, -7044, -6893, -6294, -6820, -7059, -6329, -6942, -7055, -6150, -6414, -6953, -6782, -6448, -6530, -6836, -7089, -6569, -6638, -7176, -7119, -6654, -7184]","[17755, 14443, 15292, 17235, 16133, 15742, 13836, 11252, 6036, 1423, -838, -2074, -3798, -4366, -1393, -1612, 341, 2425, 2359, 1451, 3994, 4164, 4363, 3427, 2910, 1342, 374, 937, 2358, 2008, 2665, 7650, 8209, 8969, 14870, 14826, 12607, 12403, 14127, 12876, 10087, 8265, 8417, 8375, 7092, 6929, 7410, 6791, 5729, 4849, 4353, 4362, 4729, 4580, 4107, 4378, 4604, 4609, 4470, 4037]","[-10620, -11281, -13065, -15645, -17716, -20802, -23038, -22241, -18809, -15015, -11942, -6843, 907, 3470, 7695, 7678, 4647, 9458, 10819, 8376, 6003, 4801, 4622, 5796, 7131, 5428, 3131, 2179, 1246, -3197, -7699, -8582, -7886, -12907, -15668, -9986, -8297, -8105, -5797, -4741, -4407, -3035, -2323, -3178, -2537, -2213, -3100, -2319, -978, -870, -1113, -881, -431, -185, -944, -1090, -645, -682, -953, -173]","[-13517, -16787, -8594, -5729, -5275, -5435, -6682, -10053, -14127, -12041, -6715, -4010, -4060, -2011, -3740, -1198, 3391, -5679, -10092, -2047, 5235, 6959, 6959, 5377, 2347, 780, 3408, 5665, 3072, -289, 4577, 7331, -1464, -2831, 3642, 2824, -3536, 743, 5678, 4532, 3666, 4676, 5620, 5490, 6220, 7077, 5810, 3547, 2582, 3474, 4325, 4155, 3659, 2498, 2206, 2010, 1179, 111, -1115, -2100]","[4284, 6869, 8851, 14430, 18745, 22622, 27663, 32342, 32767, 32767, 32767, 32767, 31868, 25720, 21638, 12233, 8527, 5512, 1946, -560, -1888, -3233, -3601, -4607, -8465, -13364, -16049, -17695, -21989, -26689, -26049, -24235, -25532, -26404, -19473, -12537, -12788, -11271, -9653, -9448, -8319, -7334, -7435, -5769, -4141, -4099, -2676, -552, -1023, -2155, -2161, -1973, -2379, -3212, -2810, -990, -482, -642, 673, 1509]","[-756, 4204, 8991, 14197, 18377, 21187, 23056, 23371, 21996, 20322, 19371, 16712, 13331, 8070, 2959, 2135, 2871, -1908, -5207, -2780, 946, 2980, 2708, 1115, -467, -2311, -3193, -4268, -6567, -11105, -14380, -12318, -13229, -18841, -14780, -10450, -14240, -14247, -11578, -9857, -8490, -7956, -7365, -5421, -3809, -3022, -2345, -1816, -853, -367, -465, -1041, -1240, -897, -1118, -602, -109, 38, 169, 309]"
"[-8541, -7688, -11851, -17567, -21357, -24588, -27599, -26817, -24097, -21072, -18478, -15863, -13563, -10275, -7644, -6747, -5022, -8101, -4747, 1749, 3290, 1451, -1183, -3326, -4382, -5218, -5193, -6180, -6579, -6508, -9026, -9379, -9885, -12318, -11736, -10951, -11960, -13031, -9088, -8587, -9121, -8702, -6648, -5812, -7642, -7709, -6746, -6458, -7002, -6749, -6915, -7188, -7029, -7115, -7355, -7540, -7239, -7214, -7354, -7618]","[18414, 18991, 16096, 13844, 11877, 9642, 8358, 3374, 755, -258, -989, -2541, -3344, -380, 85, 366, 2905, 7892, 5442, 3320, 4046, 3893, 3470, 3092, 2747, 2247, 1830, 1115, 470, 396, 750, 3313, 1697, 3701, 10019, 9050, 7422, 11919, 13147, 8396, 9296, 10025, 6189, 7442, 7611, 5553, 4257, 5580, 4906, 3840, 3499, 3629, 3607, 3469, 3402, 3423, 3067, 2899, 2502, 2997]","[-9999, -18996, -20264, -19122, -21851, -24671, -23347, -20201, -17401, -14699, -10006, -4612, 51, 2085, 3736, 7244, 7382, 15127, 11680, 4186, 1897, 4754, 7006, 7480, 6521, 5378, 4212, 2539, -1341, -2642, -4582, -10496, -10924, -14336, -19781, -19092, -16882, -13704, -15472, -12050, -8192, -5671, -6731, -6860, -3345, -1618, -2519, -2655, -1650, -1459, -949, -796, -1293, -1276, -781, -281, -287, -390, 214, 323]","[2003, 5712, 167, -6174, -7107, -5948, -8803, -12444, -10661, -8002, -7116, -6070, -2950, -1675, -747, 1128, 1098, -7574, -4915, 2893, 7075, 2402, -702, 440, 3320, 3992, 2119, 1360, 6160, 10491, 11495, 9070, 4905, 9694, 8591, -1392, 2369, 2733, -2885, 709, 5887, 1656, 1580, 1885, -917, -51, 5512, 7399, 4646, 2792, 3020, 2780, 2007, 1052, 484, 226, 150, 607, 599, 868]","[5250, 8241, 18772, 22805, 24684, 29250, 32767, 32767, 32767, 32767, 32767, 32767, 29102, 23310, 21073, 17391, 12384, 7253, 2085, -1395, -158, 115, -2248, -5610, -9196, -12793, -16125, -20453, -23617, -23075, -26471, -29463, -27642, -29890, -31472, -24206, -22117, -23931, -20615, -11621, -9640, -10135, -10235, -4732, -1776, -2807, -2433, -541, 13, -885, -1270, -1941, -1753, -1104, -640, -549, -808, 166, 436, 56]","[4497, 13088, 16128, 16237, 18794, 20530, 19378, 16835, 15412, 13224, 11808, 9514, 7128, 4946, 3130, 2097, 160, -3039, -3896, 1918, 4152, 1139, -1241, -1440, -707, -1105, -3533, -5560, -4222, -2412, -3161, -3959, -7816, -9291, -8905, -12472, -13479, -14114, -15064, -10536, -6852, -6777, -6483, -5133, -5035, -2804, -587, 1104, 855, 62, -190, -524, -722, -951, -1023, -770, -247, 10, 268, -45]"
"[-5811, -8693, -14152, -18829, -23740, -28041, -28238, -26436, -22716, -18556, -14521, -9865, -6843, -4665, -2898, -1905, -728, 209, 974, 1750, 1697, 375, -1662, -3864, -4356, -5214, -6739, -7897, -7028, -6924, -9044, -9683, -7064, -7621, -9927, -11417, -7180, -8277, -8609, -6910, -7096, -7050, -6008, -6117, -6620, -4359, -7735, -7120, -6524, -7104, -7726, -8100, -7130, -6984, -7415, -7739, -7357, -7003, -7305, -7434]","[15742, 15154, 15234, 14519, 12171, 8437, 3570, 158, -2475, -4461, -4345, -2292, -1970, -822, 444, 1420, 2767, 4769, 4907, 5319, 5059, 3687, 2199, 2529, 2164, 1445, 1401, 1376, 2193, 2608, 4163, 7513, 7331, 9064, 9815, 6998, 13829, 12054, 6765, 9797, 11458, 7646, 5278, 6455, 6072, 4964, 6589, 3982, 3629, 2974, 3336, 3397, 2745, 2632, 2692, 2113, 1609, 1568, 2402, 2534]","[-16589, -20002, -21156, -25906, -28817, -27307, -22813, -16585, -11197, -6350, -875, 1190, 1985, 4075, 5612, 6828, 7059, 6509, 6892, 6878, 7574, 8170, 8684, 7769, 4481, 3334, 2601, -452, -5774, -7393, -8507, -13315, -15615, -13149, -9929, -12757, -17780, -12075, -10716, -13336, -9808, -6115, -6943, -6470, -5380, -7477, -2900, -2630, -2978, -2314, -1600, -992, -2393, -2588, -1443, -803, -1255, -1764, -1434, -1236]","[-2386, -226, -162, -1296, -1377, -4946, -9770, -13019, -15319, -13549, -7191, -3006, -2972, -3098, -2523, -617, -511, -1543, -756, 1720, 2674, 1663, 82, 1115, 3287, 2568, -87, 256, 5124, 6763, 4040, 432, 6056, 17093, 14371, 11601, 13233, 5674, 5062, 10542, 6672, 1595, 3825, 6764, 6396, 11019, 4269, 230, -352, 2384, 4182, 3027, 2689, 2841, 1214, -136, 1175, 2704, 1770, -605]","[7120, 15545, 21078, 25012, 31718, 32767, 32767, 32767, 32767, 32767, 28123, 22831, 19410, 15734, 11608, 8679, 5882, 3912, 3260, 1509, -145, -2311, -5132, -10101, -13558, -14754, -17605, -22206, -23547, -21749, -23723, -26579, -22858, -18573, -20700, -25289, -19405, -12843, -13221, -10526, -4697, -5410, -6379, -5490, -4381, 6286, -4165, -4508, -3335, -1026, -828, -1321, -1179, 478, 1090, 216, -855, 33, 536, -545]","[8428, 13877, 17232, 18995, 20036, 18038, 14813, 11975, 8931, 7850, 8222, 7362, 5010, 2624, 1699, 1097, -143, -1962, -2007, -661, 749, -248, -1949, -2305, -1977, -3741, -7895, -9540, -8481, -8955, -13126, -17640, -17129, -10899, -8929, -13234, -12590, -8593, -9470, -8464, -5957, -5592, -5014, -3359, -2243, -1334, 594, -948, -2076, -303, 1112, 1303, 1491, 1946, 1609, 780, 988, 1345, 860, 477]"
"[-5969, -5381, -7421, -11380, -20725, -28760, -32768, -32768, -32768, -30859, -25975, -20622, -17113, -14404, -10732, -9933, -9362, -7896, -6770, -4524, -2451, -1797, -918, 104, -358, -2002, -3591, -4249, -4354, -4573, -6125, -6208, -6144, -7637, -8096, -8813, -11708, -9668, -10905, -13139, -15787, -16295, -12896, -12489, -13077, -12428, -11112, -9554, -8316, -6964, -5345, -5058, -5786, -6535, -6961, -7238, -7773, -7779, -7737, -8128]","[18264, 20163, 27103, 25295, 20674, 19633, 16100, 11732, 8375, 5285, 2067, 570, -334, -413, -508, 710, 1437, 677, 2685, 3456, 3404, 3481, 3814, 4290, 4377, 3295, 2559, 2623, 2024, 148, 1436, 2395, 2231, 2961, 5978, 6977, 9137, 11507, 6742, 5688, 9148, 14463, 16164, 10215, 8623, 10381, 11419, 10325, 7484, 5581, 4940, 4706, 4054, 3658, 3570, 3671, 3805, 4164, 3936, 3691]","[-7795, -17224, -22069, -25664, -23476, -21253, -20117, -20463, -19081, -16350, -12481, -9803, -5813, -2516, -2170, 1701, 5275, 7817, 9295, 9713, 11063, 13224, 11211, 7698, 6960, 8276, 8557, 6863, 4830, 3456, 2373, -428, -2985, -5697, -6449, -5481, -7496, -11393, -9775, -7808, -6731, -6911, -7484, -5473, -3288, -3543, -4017, -3383, -2208, -1952, -2499, -1635, -430, -37, -393, -1053, -1116, -1099, -1219, -1155]","[-2039, 3523, 7591, 305, -2380, -2374, -4295, -5373, -5028, -4713, -5376, -4986, -3699, -2086, 235, 441, -633, 1860, 1144, -1644, -2259, -1503, 1026, 3240, 2377, 2240, 3385, 2290, -357, 1494, 5283, 4046, 717, 3384, 7156, 4302, -6859, -16277, -6077, 9186, 12377, 7017, -520, -928, 6868, 16100, 18816, 14674, 9723, 7969, 7213, 5340, 3337, 1143, -903, -1736, -1072, -1422, -2838, -3075]","[-1999, 4169, 10283, 17060, 24430, 29467, 32481, 32767, 32767, 32767, 32767, 32767, 31951, 27919, 25173, 24622, 20739, 17143, 13372, 10391, 7162, 2915, -452, -1834, -2787, -4913, -8725, -12565, -14868, -16165, -18821, -21984, -23561, -25219, -26204, -27939, -31490, -27075, -16357, -13181, -13512, -14108, -9957, -3606, -1036, -1184, -1092, -316, -237, -1369, -864, 843, 1094, -703, -2143, -2539, -2408, -2177, -1935, -1463]","[-1473, 8529, 15568, 20997, 22722, 24495, 24566, 22869, 20709, 18220, 15373, 13005, 11020, 9999, 8489, 6230, 4866, 4274, 2055, -183, -1082, -713, -299, 375, -112, -467, -842, -1903, -3716, -5053, -5797, -7205, -10087, -13738, -14495, -13641, -19660, -26412, -21876, -19009, -21379, -23927, -19829, -14231, -13394, -10625, -7069, -3804, -1625, -702, -233, 56, 205, -552, -1839, -2573, -2190, -1546, -1419, -1345]"
"[-7492, -10944, -14743, -17813, -21822, -24720, -26009, -26829, -24845, -22401, -18252, -15087, -12124, -9619, -7199, -5049, -3547, -3423, -3308, -1877, -251, -64, -2705, -1550, -199, -324, -1809, -2713, -3410, -4324, -5001, -5805, -7419, -9215, -11602, -13576, -15626, -16500, -19166, -19979, -16391, -16751, -14934, -11359, -8890, -8777, -8445, -6694, -5905, -6607, -7400, -7740, -7476, -7458, -7641, -7697, -7240, -7541, -7782, -7336]","[18465, 19098, 14184, 12632, 11387, 9038, 7694, 7076, 5317, 1935, 1643, 367, -314, -1329, -1206, -1550, -2130, -1345, -1857, -271, 2665, 4811, 10421, 6912, 6863, 6310, 4898, 1104, 227, 1538, 106, -2556, -1015, -130, -1055, -666, 4199, 4383, 5237, 9500, 13259, 10220, 9187, 8551, 7448, 7307, 6734, 5048, 5399, 4570, 3240, 3129, 3069, 2977, 3074, 978, 1399, 3168, 2824, 1130]","[-10998, -13456, -13398, -12774, -12886, -13792, -14727, -13498, -12254, -10447, -8953, -6211, -3207, -1156, -97, 601, 1909, 4827, 6934, 7296, 7051, 8269, 14993, 11429, 7243, 5736, 5434, 4673, 4315, 3297, 1421, -118, -1194, -4055, -7568, -10514, -14482, -16348, -15438, -14892, -16134, -13184, -11796, -12065, -10642, -7125, -4736, -4507, -3279, -1568, -938, -1414, -1895, -1389, -611, -642, -780, -446, -599, -1143]","[-7191, -6992, -1809, 460, -3546, -6846, -7592, -9869, -12458, -11895, -8472, -7098, -7285, -7856, -6482, -5676, -3603, -1470, 1291, 5030, 6438, 6355, -832, 2282, 6147, 1384, -4116, -4785, 1266, 2661, -2985, -1410, 4871, 7147, 10341, 16991, 15720, 11150, 14171, 13742, 5271, 697, 1521, 4472, 7149, 4852, 1983, 3210, 3709, 2430, 2781, 3402, 3073, 1265, -2212, -3472, -306, -203, -3278, -2461]","[2033, 7396, 11941, 16976, 20478, 22020, 24965, 26752, 26385, 26011, 26345, 27353, 25681, 22963, 20083, 18280, 18444, 17892, 14491, 9619, 7413, 7545, 3036, -2489, -5046, -6161, -7663, -9926, -12217, -15137, -17992, -19883, -22528, -26295, -29473, -30687, -32137, -28670, -26910, -26716, -20915, -15254, -13996, -10668, -5638, -2005, -1756, -1167, 1208, 2216, 920, -340, 20, 1005, 961, 110, 196, 519, -268, -453]","[-6051, 7457, 15335, 18792, 20225, 20525, 21142, 20837, 20305, 19271, 18083, 16704, 13827, 11049, 8507, 7531, 5836, 5083, 4257, 1744, 646, -150, 401, 759, 2678, 1724, 32, -1396, -1298, -1064, -4490, -8798, -10282, -11661, -15539, -17789, -17319, -19018, -19196, -17259, -14245, -10856, -9272, -6662, -3891, -2365, -2031, -39, 922, 1434, 1417, 1069, 996, 881, 438, -258, -354, 60, -135, -196]"
"[-23304, -27409, -31994, -32768, -32768, -32078, -27096, -23209, -18436, -15292, -12707, -10342, -7357, -5329, -5444, -5444, -3365, -822, 68, -1081, -2583, -3296, -3695, -3554, -4288, -5243, -5435, -6483, -8225, -10188, -10449, -8056, -12221, -14664, -12488, -13398, -14222, -13658, -13314, -12419, -11668, -11201, -10600, -9736, -9124, -8751, -8532, -8107, -7655, -7450, -7366, -7481, -7346, -7072, -7644, -8142, -8102, -7478, -7714, -7997]","[14296, 13878, 11921, 9554, 8452, 5377, 2641, 229, -1584, -2549, -3472, -2566, -1824, 754, 1671, 1347, 483, 1004, 1873, 2031, 1013, 933, 1598, 2635, 2476, 658, 466, 765, 1605, 806, 3488, 9695, 7523, 7339, 13767, 11865, 9840, 10533, 10649, 9405, 7833, 7730, 7940, 7596, 8064, 7457, 5881, 5424, 5166, 3983, 3616, 3855, 3719, 3241, 3181, 2916, 2689, 2338, 1903, 2016]","[-9383, -10999, -13373, -14920, -15542, -15504, -13639, -10322, -8265, -5145, -1112, 2671, 3717, 3881, 6673, 9898, 9666, 7089, 6010, 8583, 11188, 10502, 8422, 6729, 5986, 4720, 2973, 917, -1296, -3788, -7644, -10363, -6779, -6692, -8218, -6228, -4832, -3806, -1758, -490, -374, -702, -692, -750, -407, 69, 629, 1033, 1380, 1152, 1058, 1433, 1442, 958, 1309, 1810, 1697, 1139, 1672, 2222]","[-5443, -4650, -7275, -7655, -7367, -8537, -8818, -8980, -9433, -9477, -8047, -4173, -1123, -1113, -3803, -4608, -1926, 508, -612, -3405, -4115, 1384, 6246, 6597, 3773, 3351, 6347, 7791, 6230, 3972, 6907, 3426, -4608, 2486, 5479, -2519, -3342, 1280, 3188, 2660, 4174, 5280, 4593, 5391, 6239, 5287, 5280, 6161, 6224, 6287, 6493, 5593, 4164, 2785, 2160, 2237, 2128, 1380, 832, 817]","[17252, 18007, 21168, 23612, 26349, 27813, 29228, 29596, 28409, 28097, 24992, 20515, 15853, 14264, 14609, 11688, 5533, 2340, 2895, 3467, -498, -6034, -9881, -12050, -14257, -17270, -19744, -21504, -23071, -25233, -26635, -20471, -15563, -16611, -14625, -9347, -7657, -5858, -4537, -4627, -5177, -4546, -3334, -2916, -1781, 547, 1330, 1165, 951, 1249, 1231, 855, 56, 483, 1201, 703, -115, 637, 1552, 1006]","[24349, 27457, 29644, 30796, 30745, 28479, 25449, 21762, 17389, 14489, 12582, 10586, 8420, 5849, 2976, 712, 844, 220, -1758, -4216, -5530, -4484, -3055, -3326, -4714, -6196, -7152, -8265, -10278, -14571, -19037, -19079, -21244, -25120, -21347, -19735, -21253, -18703, -16051, -14482, -12774, -11974, -11139, -9227, -6489, -3882, -2028, -942, 345, 1049, 926, 736, 666, 529, 693, 1165, 1511, 1524, 1489, 1335]"
"[-23788, -29443, -32768, -32768, -32768, -31637, -26492, -21952, -17666, -14746, -11254, -7909, -6481, -4513, -2645, -1803, -2560, -3090, -3374, -2825, -2716, -3355, -3611, -3313, -3554, -4448, -5484, -5829, -5468, -8045, -11482, -11763, -10982, -16162, -19265, -20690, -18948, -19854, -18021, -15378, -11731, -8926, -8722, -8726, -7966, -7097, -7022, -7526, -7662, -7067, -7052, -7665, -8168, -7624, -7955, -8494, -8275, -7830, -8127, -8368]","[16968, 15645, 15345, 12393, 7488, 2226, -265, -2136, -3591, -4053, -3330, -2682, -1858, 301, 140, 929, 1760, 2821, 2711, 2103, 2985, 3261, 2024, 1444, 2311, 2139, -1098, -1512, 2832, 2618, -1291, 3811, 9806, 5402, 5637, 7380, 12357, 11902, 10388, 11920, 11525, 8711, 6143, 5631, 5354, 4137, 4204, 4478, 4387, 3945, 3852, 3654, 3502, 2906, 1860, 2006, 2144, 1420, 755, 1359]","[-15928, -20249, -23560, -23813, -21940, -19034, -14883, -10332, -5574, -271, 1898, 1929, 4099, 4833, 4910, 6167, 9324, 11893, 12250, 10200, 8717, 7777, 5794, 4111, 3814, 3926, 1857, -1724, -4109, -3872, -5968, -11616, -11942, -8489, -8439, -10009, -11668, -8967, -8150, -7126, -6155, -4764, -2125, 55, 647, -41, -447, -307, -420, -980, -887, -109, 376, 185, 906, 1707, 1817, 1445, 1591, 1707]","[-6746, -4255, -2072, -7501, -14624, -14833, -10465, -8006, -7776, -8263, -7170, -5423, -3216, -2220, -1494, 1240, 1011, -137, -768, 1007, 2509, 2000, 2488, 4607, 5398, 2994, 3432, 9921, 10549, 3024, 7392, 19437, 13402, 5041, 6785, 8218, 347, -6287, -3357, 2972, 4936, 4135, 3370, 3295, 2779, 2455, 3421, 3388, 2914, 3024, 2678, 1133, -556, -912, -169, 535, -221, -1198, -776, 1064]","[21124, 24358, 29630, 32767, 32767, 32767, 32767, 32767, 31389, 28162, 21783, 18136, 15758, 12150, 9933, 9605, 8708, 5122, -461, -4305, -5956, -8680, -11743, -13551, -13930, -16203, -20051, -23065, -22162, -22391, -26402, -29221, -22350, -21113, -25076, -27592, -22507, -15722, -13375, -10919, -7980, -2285, 2233, 2477, 414, -991, -692, -561, -1258, -948, 670, 1563, 1262, 1833, 3335, 3068, 1909, 2041, 2173, 1342]","[23086, 27307, 30362, 28317, 24567, 23019, 21658, 18812, 14560, 10266, 6796, 4872, 3198, 1463, 887, 136, -1083, -2181, -2548, -2527, -3122, -3159, -3290, -3530, -3957, -4619, -6540, -8339, -9405, -12532, -17385, -16943, -12441, -15137, -18893, -20156, -21698, -20295, -18206, -15188, -10787, -5893, -4457, -3756, -3100, -3094, -3226, -2554, -1762, -841, -75, 522, 660, 1437, 2507, 2445, 2474, 2561, 2250, 2334]"
"[-17201, -23111, -27512, -27693, -26292, -23817, -19850, -16351, -13231, -10355, -8212, -5909, -4267, -4221, -4090, -3411, -983, 811, 1256, 1020, 428, -380, -1390, -2013, -2058, -2046, -2541, -3217, -4275, -5153, -5518, -6293, -7852, -9008, -10502, -10084, -11666, -13121, -14445, -13405, -12707, -13122, -14235, -14481, -13568, -12103, -10379, -9351, -8719, -8177, -7670, -7318, -7458, -7665, -7746, -7849, -8041, -8166, -8116, -8272]","[18125, 16387, 15906, 13267, 9444, 5815, 4059, 1660, -1568, -2908, -2399, -1699, -1416, 838, 2856, 3323, 1544, 2413, 3385, 3601, 2833, 2761, 3397, 2945, 1959, 1090, 487, -379, -449, 728, 2179, 4703, 5748, 5003, 9826, 12673, 8585, 8336, 11351, 11385, 7550, 6335, 7432, 7921, 7892, 7993, 7849, 6998, 6093, 5073, 3838, 2849, 2415, 2461, 2258, 2556, 2960, 1953, 1680, 1473]","[-16538, -16627, -15062, -15677, -15394, -12733, -11570, -10164, -6972, -4080, -1581, 255, 2169, 4724, 6718, 8494, 8123, 7379, 7814, 8370, 9175, 9613, 9181, 8077, 6772, 5346, 4387, 3706, 2089, -605, -2756, -3375, -5463, -8502, -7893, -6865, -6813, -6619, -4805, -3613, -3634, -2608, -783, -247, -1123, -1916, -1987, -1210, -233, 247, 242, 167, 436, 681, 472, 236, 453, 405, 240, 539]","[-1999, 394, -1894, -7958, -10085, -8197, -7433, -9061, -9660, -8459, -6364, -4189, -2142, -1523, -2811, -3914, -854, 1692, -169, -2893, -3399, -440, 1225, 970, 1378, 2261, 2839, 3687, 4783, 4664, 2882, 1372, -2002, 317, 7913, 5128, 958, 6141, 9253, 4538, 1520, 3213, 4176, 3770, 3878, 4097, 3824, 3669, 3451, 2557, 1430, 794, 460, 131, 46, 184, -27, -82, 152, 90]","[16335, 24870, 27436, 27739, 28475, 28534, 27619, 27839, 27232, 24708, 21054, 18219, 16785, 14643, 12789, 10207, 6137, 4432, 3909, 2470, 681, -1720, -4656, -7709, -9975, -11520, -12702, -14780, -17589, -19657, -19819, -19890, -20027, -18419, -15588, -14823, -13682, -11587, -10561, -9704, -7054, -3595, -1996, -2626, -3401, -2813, -502, 1785, 2505, 2074, 1685, 1575, 1338, 660, 192, 305, 438, 249, 730, 760]","[22214, 27105, 27831, 26209, 24643, 23711, 21108, 18024, 14774, 11622, 8865, 7377, 5563, 3815, 1775, 646, 1072, 939, -583, -2395, -2738, -2144, -1687, -1971, -2623, -3559, -4731, -5919, -8146, -11243, -15266, -17027, -18460, -23476, -24787, -19712, -20846, -23569, -22431, -19860, -18763, -18419, -17515, -15720, -13445, -10744, -7272, -3371, -282, 1933, 2723, 2676, 2229, 1614, 1491, 1514, 2154, 3257, 3204, 3563]"
"[-24326, -26709, -28510, -27749, -25222, -20964, -17119, -13495, -10872, -9363, -7552, -8548, -7012, -2598, 25, 471, 592, -29, -7, 603, 339, 797, 1303, 1034, 290, -731, -1873, -1903, -1870, -1309, -1575, -2285, -2439, -2423, -3672, -7362, -8784, -7441, -9478, -12817, -13087, -10178, -12130, -13504, -13432, -13073, -12995, -12140, -11008, -11143, -11112, -10650, -9413, -8970, -8403, -8603, -7933, -7167, -7156, -8193]","[10679, 8314, 6770, 5260, 943, -295, 950, -172, -515, 515, 591, 2303, 230, -583, 137, 1663, 1465, 1344, 2797, 3952, 5683, 5691, 6356, 5419, 5086, 4192, 3874, 3970, 3720, 3288, 4727, 3882, 2952, 2856, 4406, 4600, 2604, 6284, 4305, 473, 7700, 12177, 5173, 5344, 9994, 10158, 9119, 8650, 7800, 7167, 7802, 7738, 5240, 3369, 6568, 7823, 4514, 4044, 5608, 5417]","[-16226, -17727, -17113, -15351, -12943, -9786, -6875, -4870, -2196, 234, 756, 3829, 8395, 6552, 3870, 4843, 7154, 9220, 9371, 8667, 9272, 8516, 7806, 7857, 8621, 9339, 9003, 7488, 5981, 4765, 4929, 4582, 3098, 803, 21, -418, -5188, -8607, -6899, -7888, -9896, -9484, -6138, -5722, -4971, -3835, -2688, -1509, -660, 533, 2234, 3124, 2009, 2197, 1195, 1002, -134, -1078, -619, 394]","[-7624, -5239, -3844, -7646, -10274, -7703, -7184, -7918, -7385, -6372, -6249, -7732, -8896, -4201, -85, -578, -2755, -3664, -2134, -801, -89, 1243, 1758, 775, 759, 1246, 2171, 2358, 1742, 1845, 1480, 383, 1570, 3624, 3725, -1867, -2674, -2196, -6646, 506, 7197, -3557, -10123, -6501, -6809, -8373, -6975, -4441, -703, 3284, 4127, 2130, 1917, 9518, 18974, 13781, 9025, 10156, 8730, 2870]","[21287, 25197, 29174, 31104, 30831, 29708, 27874, 27133, 25761, 23431, 21262, 23008, 17271, 8581, 6850, 8058, 7641, 5693, 2867, 2347, 1148, -1828, -3110, -3857, -5090, -7093, -10580, -14112, -16192, -17158, -17523, -19823, -21738, -21734, -19877, -22047, -25842, -22886, -17783, -19076, -20308, -13309, -9441, -9506, -8343, -6484, -4112, -1644, 975, 3732, 4122, 2302, 778, 969, 1297, 979, -122, 349, 1378, 661]","[22817, 25110, 24684, 22317, 20036, 16779, 14392, 12155, 9676, 7863, 6049, 3150, 1611, 1875, 2648, 1720, -7, -1425, -1759, -1864, -1443, -168, 358, 50, -219, 75, 188, 65, -842, -2383, -3021, -2879, -4265, -5781, -7426, -8414, -12748, -14673, -15068, -18725, -20088, -18023, -17582, -20179, -22077, -20963, -16582, -14133, -11173, -7846, -6201, -4910, -4309, -3619, -846, 210, 65, 314, 938, 1029]"
"[-23701, -26141, -27976, -28895, -26862, -22926, -19802, -15634, -13085, -10876, -9065, -6550, -4945, -4493, -3716, -2405, -2007, -2709, -2165, 201, 256, -201, -934, -1086, -793, -2032, -2759, -1881, -1958, -4053, -5084, -6376, -6790, -7076, -10005, -14143, -14996, -12036, -16259, -16848, -15645, -12659, -11719, -10931, -9725, -8514, -7672, -7555, -7325, -7194, -7341, -7701, -8060, -8244, -8168, -7751, -7588, -7760, -7545, -7553]","[15290, 12313, 11032, 9415, 5151, 1962, -40, -1545, -2467, -2971, -3708, -2815, -1955, -402, 309, 1276, 2842, 6187, 5645, 4515, 4123, 3084, 2244, 2031, 1932, 2183, 2282, 1704, 1641, 2627, 2345, 1736, 2711, 5923, 5802, 3420, 6095, 11236, 6757, 9010, 10741, 10592, 7729, 7550, 8305, 6314, 6700, 7585, 6253, 4185, 3593, 3940, 3609, 2729, 2201, 2196, 2586, 2698, 2304, 1786]","[-15936, -18611, -20909, -19459, -17709, -14995, -11768, -9747, -6489, -3203, 32, 1467, 2935, 6001, 7780, 8584, 9563, 13416, 14102, 8465, 7649, 8013, 6951, 5410, 4814, 4884, 3525, 1410, -40, -68, -1496, -4126, -6698, -8862, -8494, -8042, -11034, -12489, -10213, -9526, -7971, -6973, -6181, -5650, -5011, -5054, -4162, -2255, -1069, -220, 515, 1053, 1131, 827, 581, 6, -147, -73, -182, -213]","[-4370, -7157, -7436, -10112, -12889, -11997, -10773, -9451, -8599, -8739, -7327, -5398, -1981, -319, 323, 1466, 2102, -1949, -3707, 2606, 3509, 1566, 111, 1199, 2748, 2509, 1868, 3440, 5623, 4863, 3522, 6792, 10468, 7185, 1121, 4046, 11391, 5628, 1278, 5730, 5605, 2659, 2807, 3967, 2336, 2924, 5206, 3780, 1048, 1631, 4284, 4108, 1362, -869, -1238, -961, -1211, -1940, -1910, -876]","[21630, 22862, 26277, 29176, 28647, 29114, 28755, 27503, 27701, 25741, 22345, 17641, 16482, 15193, 11458, 9111, 7241, 4618, -1286, -2711, -2171, -4789, -8526, -10719, -10707, -12048, -15297, -17340, -16909, -18370, -22460, -26096, -27415, -25817, -23499, -25421, -28675, -21019, -14107, -14213, -13466, -10333, -8100, -7364, -5902, -3810, -1321, 906, 2001, 2543, 2882, 3147, 2336, 1140, 173, 104, 454, 293, 149, 431]","[24145, 24457, 24961, 24613, 22689, 20859, 18417, 15904, 12608, 10264, 7550, 6089, 5007, 4252, 2539, 1655, 585, -1246, -1285, 690, 1912, 645, -1050, -1577, -1789, -2992, -4126, -4937, -5481, -7182, -9807, -12648, -13932, -15095, -18066, -20006, -19821, -17173, -18235, -17446, -15422, -13259, -9797, -8424, -7253, -5171, -3128, -985, 1054, 2553, 3263, 3364, 2559, 1778, 1209, 814, 631, 618, 856, 968]"
"[-11357, -14064, -13222, -16015, -24369, -27930, -27844, -27725, -26355, -22785, -17768, -13726, -11448, -9456, -7019, -4844, -3678, -2499, -1718, -1235, -645, 92, 951, 173, -99, 782, 465, 93, -447, -836, -1087, -1894, -3102, -3286, -3409, -5531, -6848, -7578, -7196, -9468, -12892, -15299, -14211, -14028, -14066, -14386, -13504, -11700, -11150, -10138, -8149, -7175, -7208, -7286, -7014, -7149, -7516, -7954, -7547, -7406]","[18842, 18929, 14173, 17691, 18758, 13540, 11037, 10131, 7098, 2892, 1046, 823, -265, -1560, -2327, -2158, -1025, -311, -327, 386, 1417, 1996, 3458, 6155, 5975, 5652, 4518, 3756, 2696, 2646, 2426, 1583, 731, 1211, 1890, 2226, 2436, 4324, 5333, 4355, 5199, 8774, 13190, 13631, 11945, 10703, 11573, 12349, 10784, 8602, 7580, 5788, 4586, 4472, 4863, 4591, 3644, 3618, 3626, 3124]","[-2947, -5461, -10899, -10693, -7901, -9584, -11534, -11207, -9300, -7689, -6756, -5652, -3468, -862, 818, 1750, 3286, 5021, 6720, 8375, 9284, 8806, 7648, 9593, 10510, 8259, 7776, 6806, 6053, 5723, 5527, 5002, 3421, 1771, 254, -1342, -3390, -5859, -7747, -6646, -6307, -7419, -9412, -7630, -5280, -3857, -3527, -3485, -2378, -2060, -2184, -1265, -187, 220, -277, -472, -167, 479, 133, -253]","[-14781, -14643, 336, 6104, -2576, -8838, -6786, -5735, -8852, -9589, -6181, -5304, -7722, -8494, -6771, -4163, -2355, -614, 1176, 1885, 668, 480, 105, -2320, -199, 4571, 3154, 2357, 3388, 4260, 3431, 2433, 3448, 4498, 3888, 2451, 2216, 1192, -1540, -928, 3699, 4688, 2516, 1822, -313, -760, 1000, 1606, 2502, 4192, 3800, 3366, 4575, 5240, 3389, 131, -759, 332, 1473, 2363]","[2252, -1339, 3048, 15740, 22173, 20877, 21693, 25063, 25930, 23416, 22314, 23390, 23917, 22087, 19324, 17519, 16001, 13726, 11723, 9875, 6837, 3844, 2351, 1032, -1821, -2669, -4167, -5961, -7582, -8993, -10660, -12942, -16043, -18255, -19377, -21465, -23965, -26371, -24202, -21114, -22657, -24546, -20705, -14099, -10590, -8505, -7589, -5178, -2405, -2039, -803, 1539, 2085, 576, -531, -154, 139, -637, -1231, -371]","[-5967, 8666, 17687, 22130, 24921, 26138, 27414, 28018, 26898, 24123, 22044, 19212, 16048, 12917, 10411, 8092, 6320, 5228, 4862, 2645, 587, -478, -1482, -1831, -105, 1323, 1077, 473, 175, -476, -1302, -2437, -3796, -5231, -6771, -8779, -10638, -13862, -16243, -17500, -20027, -23961, -23888, -18858, -17316, -17839, -16876, -13375, -8991, -5753, -4093, -2967, -2043, -1514, -1643, -1988, -1944, -1287, -529, -80]"
"[-8622, -12135, -13259, -15933, -21188, -24028, -25946, -26631, -24526, -21724, -18264, -15215, -11672, -9365, -7534, -5423, -4333, -3521, -2565, -1943, -688, -76, 199, 306, -282, -1590, -2717, -3292, -3468, -3821, -5075, -5602, -5333, -5188, -6026, -7558, -7388, -6175, -8694, -10692, -8776, -8533, -10060, -9877, -6648, -6906, -6502, -6098, -6620, -7113, -6963, -6995, -6972, -6796, -6958, -7155, -7380, -7234, -7519, -7713]","[17075, 17632, 14455, 14555, 13942, 11922, 10441, 7813, 4660, 1872, 462, -2712, -2885, -3410, -2409, -1840, -682, 1474, 2774, 2520, 2002, 2435, 3458, 3726, 2990, 2364, 1671, 1445, 1006, -109, -186, 635, 1952, 2633, 2920, 4495, 6802, 6404, 8660, 8555, 11014, 11382, 10158, 9721, 11877, 9168, 5518, 5912, 6098, 5463, 4739, 4292, 4259, 4400, 4175, 3507, 3512, 3698, 3438, 2754]","[-8621, -9781, -14130, -17066, -17667, -20140, -20757, -19042, -17063, -14635, -11659, -7457, -3900, -969, 1758, 3731, 5369, 6570, 7724, 9285, 9485, 9555, 8890, 7818, 7744, 8663, 8954, 7954, 5930, 4451, 3086, -458, -4760, -6231, -6443, -9048, -11725, -12958, -10437, -10706, -14208, -13146, -10492, -9904, -11966, -8822, -6726, -5621, -3659, -2499, -2499, -2577, -2732, -2846, -2485, -2036, -1649, -1758, -1321, -970]","[53, -3145, -223, 694, -4986, -10373, -13650, -15954, -15957, -12258, -9717, -8835, -7337, -6852, -6466, -5285, -2478, -1098, -1748, -2668, -2109, -40, 697, -268, -171, 2184, 5216, 6480, 5140, 4037, 5825, 7301, 8268, 10842, 13680, 12659, 9839, 9132, 8461, 6301, 6341, 3723, 4068, 6613, 5374, 180, 80, 2303, 3336, 2851, 2090, 1982, 2012, 785, -755, -1079, -347, -225, -824, -431]","[8941, 11093, 13767, 21651, 26696, 27814, 31363, 31560, 30332, 29820, 30406, 29654, 27324, 25008, 21167, 17168, 14519, 11255, 9880, 7939, 4489, 2271, -355, -2009, -2651, -4172, -7474, -11361, -14497, -16117, -19008, -22634, -22154, -18972, -19035, -22048, -22342, -19578, -19501, -22617, -21730, -14225, -12737, -14522, -11377, -5009, -3631, -1900, -1002, -1828, -2807, -3323, -3409, -2518, -1609, -1354, -1207, -505, 188, -103]","[1096, 8383, 15709, 18361, 19280, 19535, 20322, 20762, 20597, 20103, 18768, 15523, 11926, 9302, 6491, 4560, 3629, 2745, 1394, -297, -1215, -1074, -1117, -1892, -2486, -1944, -679, -592, -2248, -4601, -6394, -7749, -9159, -8630, -7113, -8744, -11207, -11843, -11765, -13443, -13940, -12273, -11407, -9797, -7483, -4668, -4904, -4455, -2920, -1801, -1774, -1934, -1956, -2203, -2384, -2171, -1162, -469, 248, 829]"
"[-8588, -12147, -13881, -16679, -21142, -24847, -27041, -27946, -26657, -22896, -19908, -16264, -13176, -10482, -8501, -6302, -3717, -2558, -1751, -541, 1141, 2009, 2335, 2348, 1528, 626, -575, -1675, -2281, -2146, -3570, -5323, -5505, -5590, -8763, -10363, -9155, -11261, -15291, -13318, -10919, -13149, -13876, -13965, -12096, -11154, -10859, -9568, -8178, -7492, -7710, -7623, -7165, -7113, -7494, -7638, -7405, -7852, -8245, -8049]","[18161, 17876, 14666, 16516, 18817, 15695, 13341, 11262, 7379, 3287, -17, -1774, -3367, -4212, -3255, -1243, 269, 2562, 3229, 3654, 3402, 3971, 4727, 4938, 4063, 3170, 2792, 2849, 2374, 1988, 1594, 914, 1445, 2002, 1718, 3139, 6184, 5231, 8712, 15820, 13387, 7800, 10201, 11435, 10915, 10724, 11280, 8648, 6421, 6894, 6508, 5636, 5470, 5372, 5139, 4292, 3333, 2716, 2434, 2081]","[-7003, -7225, -8759, -10638, -14083, -17579, -18251, -17390, -15439, -12508, -9105, -5946, -2588, 973, 3902, 5168, 4606, 5792, 8197, 9204, 7580, 6910, 6884, 6609, 6672, 7187, 7873, 7219, 5643, 4599, 4125, 2912, 25, -2322, -3324, -8334, -10840, -10467, -11669, -13674, -11427, -7842, -5530, -4393, -5473, -4198, -1867, -995, -1117, -550, 533, 560, 4, 41, 612, 717, 181, 368, 761, 641]","[-24845, -21909, -6227, 2365, -374, -5061, -6937, -8625, -8405, -7301, -7024, -6658, -6417, -5008, -3624, -2784, -196, 1114, -553, -2985, -2053, 1566, 2798, 1337, 572, 1791, 4205, 5663, 5489, 4067, 2014, 2931, 5859, 3858, -238, -1017, -386, 1993, 13741, 13698, 116, -604, 4380, 2680, -2037, -4147, -5312, -3923, 1414, 6235, 7870, 7180, 4785, 1298, -2126, -4967, -6080, -6290, -6486, -6894]","[3548, 3864, 6218, 11536, 15964, 19826, 24483, 26929, 28245, 29317, 29947, 28294, 26146, 23136, 18847, 14023, 10136, 9812, 8685, 4403, 448, -696, -963, -1566, -2099, -3258, -5745, -9191, -12276, -13774, -15514, -19072, -21888, -20756, -20831, -24151, -21625, -17450, -18796, -21444, -13483, -10120, -9920, -10574, -8342, -5701, -4698, -4817, -3974, -1862, -1046, -1398, -896, 211, 646, 336, 1014, 1997, 1842, 1114]","[-5748, 6763, 17005, 23056, 26478, 28935, 29299, 29035, 27970, 25767, 21967, 18056, 14791, 10764, 6390, 3937, 2721, 1786, 315, -1348, -1377, -4, 397, 31, -597, -692, -118, -43, -755, -2739, -5201, -6590, -7117, -8704, -13373, -17814, -20047, -21897, -23151, -19392, -18082, -19326, -17304, -16106, -15325, -14325, -11977, -8364, -5968, -3441, -787, 153, 280, 432, 616, 1317, 1473, 1853, 1936, 2119]"
"[-7781, -10291, -10288, -14504, -20966, -24151, -25159, -26593, -24889, -20941, -17221, -13945, -11335, -8695, -6155, -4910, -3487, -2223, -1561, -1264, -900, 128, 559, 296, -16, -450, -962, -1823, -2822, -3989, -5053, -5906, -6885, -6637, -7918, -10739, -10740, -8861, -11064, -11958, -11025, -10487, -10099, -9688, -10463, -10425, -10354, -9709, -9444, -8777, -7852, -7102, -6990, -7134, -7248, -7480, -7597, -7571, -7546, -7640]","[19006, 27181, 21682, 19780, 21426, 15826, 11873, 10335, 6630, 3474, 1737, 431, -380, -717, -217, 169, 310, 444, 1230, 1328, 693, 1797, 3478, 3934, 4138, 4798, 4553, 3443, 2081, 1767, 1722, 1379, 1354, 1608, 2456, 5082, 6279, 9741, 10307, 9505, 13339, 14597, 10867, 9232, 8791, 7304, 5838, 7550, 8293, 7987, 6939, 5840, 4618, 4302, 4657, 4313, 4026, 4128, 3801, 3360]","[-1603, -5113, -11374, -11080, -9669, -12486, -14909, -13590, -11297, -9340, -7096, -4549, -2048, -475, 602, 1837, 3178, 4424, 5973, 8183, 9315, 8723, 8619, 8678, 8091, 7733, 7298, 6577, 6133, 5243, 3885, 1545, -586, -2475, -4017, -6354, -11125, -12712, -10117, -11041, -11451, -9113, -6554, -4309, -1688, -1376, -1702, -1735, -1101, -854, -1009, -1125, -530, 131, 506, 604, 564, 544, 732, 1161]","[-3342, -14305, -6671, 7243, 4652, -3131, -5258, -7147, -8532, -6790, -5475, -6131, -6544, -6005, -4778, -4226, -2628, -329, 137, -1484, -1795, -914, -1019, -240, 2845, 2988, 1200, 761, 2948, 5652, 5838, 4419, 3706, 4762, 5530, 2705, 1373, 3007, -379, 1808, 5219, -855, -6093, -4890, -4420, -5460, -313, 6501, 8610, 7942, 6898, 6363, 6128, 5414, 3224, 681, 382, 981, 824, -176]","[4131, 2093, 3258, 14536, 17993, 16487, 19991, 24198, 23933, 24032, 24293, 24339, 22666, 20169, 18218, 16566, 14546, 13011, 11870, 10081, 6611, 3007, 1052, -947, -2679, -4550, -6922, -9078, -11463, -14387, -17682, -21022, -23173, -23709, -23880, -25770, -26134, -21188, -17950, -17053, -14444, -10189, -8650, -6690, -5884, -6336, -5797, -3667, -2033, -1772, -1622, -297, 1126, 1197, 704, 230, 145, 307, 889, 1519]","[-6885, 1477, 13679, 23566, 27046, 27342, 26845, 25990, 24899, 23180, 20418, 16812, 13961, 11004, 8948, 7448, 6331, 5340, 3837, 2255, 308, -1082, -1953, -1935, -1015, -1104, -1954, -2561, -2680, -2860, -3529, -5613, -7940, -8494, -9848, -13580, -17905, -18007, -16755, -18681, -17836, -16001, -15589, -14537, -13112, -13415, -13233, -9774, -6794, -4645, -2778, -1144, -159, 118, -209, -399, -124, 841, 1627, 1982]"
"[-21552, -25765, -29372, -29401, -27274, -23695, -20278, -16837, -14200, -11507, -9167, -8736, -8055, -6363, -4905, -2683, -432, 353, 310, 1218, 2006, 1639, 378, -1588, -2212, -2354, -3036, -3678, -4134, -5490, -6353, -6283, -8937, -11666, -11442, -11874, -15487, -17036, -15741, -15746, -16275, -15178, -12255, -9898, -9304, -9068, -8507, -7576, -6932, -6646, -6950, -7287, -7203, -7278, -7399, -7801, -8180, -8411, -8364, -8189]","[15350, 14916, 12208, 7734, 4624, 1608, 95, -1281, -2896, -1852, -341, -751, 1145, 2039, 1952, 2792, 3924, 4942, 5021, 5587, 5888, 4999, 3993, 4039, 4031, 3597, 2795, 2726, 2480, 1831, 2296, 2391, 949, 2933, 7224, 7377, 5574, 10376, 13994, 9161, 8973, 11489, 11225, 10118, 8263, 7509, 7313, 6204, 4846, 4328, 4800, 5203, 4229, 3497, 3832, 3480, 2774, 2752, 2453, 1896]","[-19662, -22201, -21834, -19785, -18205, -15939, -12628, -9426, -5935, -4069, -1460, 3698, 6227, 7710, 9332, 8401, 7051, 8358, 10079, 7592, 5489, 5994, 7007, 7832, 7436, 6328, 4786, 3709, 3243, 2008, -639, -2034, -1672, -4862, -9936, -9817, -9159, -10191, -10414, -8152, -6785, -5699, -5932, -6243, -4299, -1779, -547, -973, -1587, -1654, -1053, -459, -518, -620, -598, -135, 155, 371, 367, 182]","[-1951, -2337, -5759, -10166, -11809, -9745, -7270, -8530, -8443, -5560, -3423, -1347, -1130, -1768, -454, 1040, 989, -1066, -590, 2382, 1583, 164, 1788, 3711, 3785, 2626, 2017, 2222, 2350, 4217, 5129, 3112, 4478, 7274, 2205, -4737, -275, 7371, 894, -4572, -631, 804, 713, 1348, 2267, 6611, 9302, 8411, 7036, 6206, 4456, 1030, -1150, -971, -831, -2095, -1917, -1348, -1337, -1290]","[21849, 26924, 31544, 32592, 32367, 32425, 32767, 31529, 28511, 25074, 23438, 22100, 17659, 13585, 9819, 5439, 2833, 1474, -981, -2971, -2780, -2939, -4118, -6465, -9568, -12151, -14618, -15953, -17235, -19672, -22127, -20970, -21089, -26293, -27171, -21508, -21033, -22530, -18737, -13085, -11439, -10439, -8752, -3519, 1421, 3108, 1693, 339, 377, 869, 939, 220, -207, 214, 1013, 1508, 1637, 1410, 1067, 1086]","[22461, 25231, 25510, 22945, 20270, 18239, 15691, 12143, 9496, 7766, 6939, 5648, 3445, 2086, 1598, 1504, 847, -433, -174, 616, 242, -339, -210, 23, -297, -1522, -2981, -4427, -5271, -6058, -7775, -9838, -10965, -12137, -16497, -20604, -21537, -20480, -19916, -19450, -19182, -17886, -14581, -9990, -7495, -4872, -2063, -962, -804, -1165, -1394, -1524, -1175, -759, -269, 157, 453, 1017, 1427, 1513]"
"[-10303, -11054, -17182, -25547, -28816, -31825, -32768, -29638, -25273, -21910, -18074, -14938, -11476, -8888, -7127, -5390, -3924, -1712, 582, 2559, 3187, 2405, 1837, 2197, 1998, 1337, 662, -108, -200, -1028, -2378, -1575, -967, -3010, -4649, -4699, -5430, -8285, -10882, -6029, -8062, -10631, -10793, -8920, -9748, -10073, -9801, -9083, -8961, -8850, -8255, -7239, -7020, -7254, -7277, -6733, -6648, -6993, -7180, -7187]","[18043, 17889, 17720, 15484, 12258, 9543, 6998, 2654, -349, -1513, -1199, -1542, -2223, -1336, 296, 2601, 2245, 1150, 2795, 3950, 3276, 3925, 5399, 5935, 4977, 4910, 5042, 4486, 3153, 3061, 3604, 3182, 2867, 2922, 2482, 2474, 3010, 3137, 3508, 9103, 9188, 6494, 8154, 11766, 9464, 8307, 7942, 8472, 8436, 7121, 6369, 5352, 5161, 5880, 5489, 3492, 3894, 4755, 4311, 3635]","[-11210, -17875, -18640, -17777, -20759, -22125, -19570, -17553, -14168, -9842, -5997, -2388, 302, 3198, 5093, 6369, 8042, 8073, 6599, 4934, 5167, 6681, 7915, 7424, 6917, 6847, 6269, 5847, 5736, 5997, 5008, 1989, 736, 1440, -329, -3656, -5409, -6308, -9469, -14848, -9448, -8715, -9832, -9970, -8099, -7571, -7911, -7292, -5915, -4880, -4594, -5008, -4601, -3188, -2149, -2215, -2068, -1284, -824, -891]","[-3876, 225, 1200, -2957, -4765, -4982, -9397, -12694, -11066, -8263, -8155, -10022, -7376, -3062, -2300, -4223, -4730, -922, 611, -2692, -4296, -1053, 906, 547, 458, 1500, 1436, 1469, 2840, 4870, 4960, 4358, 3888, 3105, 3540, 5854, 7005, 6555, 8678, 7304, -459, 1888, 9205, 6637, 108, 1547, 4169, 4621, 2474, 1587, 3197, 5418, 8226, 9156, 6187, 4992, 5915, 4781, 2543, 1418]","[4880, 10388, 21433, 26454, 28336, 32767, 32767, 32767, 32767, 32767, 31838, 28307, 24775, 20918, 16305, 13057, 9543, 5376, 2297, 1420, 1679, 1590, 97, -1373, -2732, -5055, -7315, -8469, -8807, -10313, -14224, -16682, -15439, -15564, -18885, -20061, -18808, -20164, -25855, -23092, -14846, -16957, -17436, -15230, -11548, -11170, -10264, -8546, -6659, -6292, -6133, -4533, -1726, -249, -558, -683, -99, 655, 501, 169]","[3476, 13167, 19722, 22337, 24302, 24466, 21632, 18592, 16507, 13990, 10919, 8571, 7135, 6552, 4758, 2149, 1437, 2243, 1539, -595, -2049, -1443, -355, -392, -585, -645, -632, -724, -1269, -1548, -1880, -2929, -3884, -5639, -6807, -7817, -8836, -11331, -15444, -16420, -15303, -15202, -14265, -13104, -12341, -10913, -9393, -8144, -6923, -5545, -3860, -2402, -814, 721, 1648, 1185, 889, 1163, 1158, 752]"
"[0, 0, 0, -15944, -20234, -24082, -25574, -24897, -22493, -19099, -15674, -13827, -11416, -9858, -6952, -6040, -5837, -4103, -2914, -3760, -4001, -817, 1066, 365, -1054, -2030, -2240, -2550, -3480, -4213, -3641, -4246, -6428, -6528, -6172, -9501, -8924, -6663, -8328, -8433, -8481, -8310, -7851, -7374, -7094, -6566, -5958, -5881, -5768, -5702, -5824, -6307, -6612, -6828, -7293, -7443, -7549, -7252, -7277, -6958]","[0, 0, 0, 13157, 11218, 9181, 6765, 4329, 1792, 1093, 663, 211, -836, -128, 704, 1052, 927, 2422, 3397, 5455, 5245, 4639, 4551, 4938, 3478, 2937, 2791, 2112, 1691, 1154, 1259, 939, 1386, 2158, 4125, 5997, 6511, 11096, 12798, 11271, 11815, 13005, 12241, 9394, 8615, 8208, 7631, 7084, 6122, 5637, 4622, 4625, 4056, 3764, 3693, 3344, 3378, 2921, 3030, 2383]","[0, 0, 0, -20714, -22364, -23247, -21460, -18290, -14752, -12052, -9978, -5958, -2684, -699, -462, 2245, 5208, 6180, 7189, 11717, 14124, 8879, 6042, 6400, 6575, 5713, 5012, 4841, 3509, 1213, -1181, -1532, -3000, -7707, -9032, -8340, -15367, -17726, -13311, -12208, -11630, -10544, -8955, -7545, -6488, -6268, -6027, -5101, -4341, -3859, -3604, -3056, -2813, -2907, -2736, -2532, -2205, -2479, -2036, -2260]","[0, 0, 0, -4600, -8092, -10986, -11303, -10736, -9251, -8225, -8352, -8686, -6701, -4501, -2949, -1962, -702, 202, 323, -1962, -5393, 1357, 5528, 3139, 476, 947, 2479, 2725, 2670, 3006, 5138, 6209, 5949, 6753, 7079, 5089, 8360, 9501, 4200, 1685, 5347, 8520, 6833, 6713, 7485, 6601, 4733, 3658, 4257, 3928, 3024, 1941, 219, -693, -1400, -1100, -840, -1119, -376, 604]","[0, 0, 0, 21001, 24591, 27337, 29784, 30869, 30693, 29764, 28737, 28033, 25771, 22006, 19506, 18820, 16083, 12339, 9826, 7399, 862, -2237, -2625, -3263, -5605, -8036, -9245, -10890, -13841, -16853, -18010, -18464, -21787, -24151, -20861, -22181, -24875, -18020, -14379, -14009, -12437, -10620, -8597, -7595, -7628, -7437, -5888, -4557, -3826, -2989, -1881, -929, -1100, -807, -414, -264, -46, 286, 586, 1292]","[0, 0, 0, 19511, 19046, 18675, 18868, 17610, 15810, 13568, 10983, 9395, 8373, 6758, 5607, 4798, 3559, 2427, 1441, 478, -1155, 671, 2672, 1492, -242, -1068, -1668, -2637, -4474, -5892, -6612, -7150, -9297, -11762, -12382, -12032, -14270, -14415, -14668, -15052, -13803, -10527, -8185, -6091, -4946, -4484, -4283, -3098, -1397, -773, -800, -998, -631, -821, -917, -542, -166, -220, 261, 902]"
"[-7500, -11616, -18582, -23239, -25652, -26457, -24789, -21388, -17812, -15224, -12661, -9655, -7470, -6026, -4642, -2764, -2045, -833, 635, 1274, 1315, 1388, 1859, 2149, 1401, 726, 404, 302, -621, -1311, -1718, -1963, -1612, -1299, -4215, -5985, -4576, -5321, -9810, -10998, -7448, -9691, -11274, -10993, -10647, -10122, -9987, -9399, -8339, -7165, -6432, -7187, -7392, -7117, -6909, -7130, -7016, -6929, -7087, -7302]","[15504, 16299, 14560, 12434, 9828, 8356, 5128, 1752, -321, -1318, -1313, -1425, -1217, -610, 208, 753, 1340, 2699, 2669, 3450, 4437, 5633, 5739, 5209, 5168, 4358, 3759, 2505, 2581, 3010, 2519, 1942, 2902, 2175, 1966, 3424, 5090, 5622, 5524, 8411, 12563, 8966, 8819, 10312, 11007, 10209, 10350, 10764, 8900, 8222, 8313, 6486, 4581, 5173, 4734, 4020, 3849, 4051, 4025, 4192]","[-17481, -21235, -21036, -20942, -21637, -20051, -17359, -15444, -13243, -8691, -4437, -2101, 116, 2570, 3992, 4434, 5796, 6341, 7194, 8078, 8413, 9127, 8272, 7160, 7478, 7364, 6413, 5477, 4832, 4501, 4071, 2120, 64, 281, 423, -3333, -7396, -5962, -5102, -8834, -11937, -8392, -6804, -6473, -5807, -5306, -4465, -4101, -4288, -4471, -3882, -1803, -1179, -1475, -1383, -681, -601, -759, -768, -601]","[-469, -676, -5176, -7338, -6277, -9355, -15205, -17224, -13611, -9964, -9322, -8643, -6023, -3499, -2470, -1620, -1415, -2717, -2139, 494, 638, -2250, -1318, 2654, 2662, 1090, 719, 1766, 3474, 2642, 484, 2248, 4707, 5594, 4919, 4568, 4686, 2191, 1806, 6229, 3686, -656, 1072, 1635, -214, -607, 2156, 3566, 5773, 8000, 6801, 4303, 4851, 5675, 5183, 4757, 4111, 3474, 2976, 2363]","[9817, 18612, 25576, 28299, 31554, 32767, 32767, 31118, 30170, 29554, 25804, 21479, 18969, 16825, 13327, 11091, 9533, 7517, 6200, 4306, 2710, 191, -1652, -1772, -2437, -4928, -6910, -8101, -9002, -10316, -13038, -15865, -16607, -15624, -18998, -24535, -24208, -18408, -19485, -23196, -17866, -11094, -11602, -11044, -9665, -7351, -6270, -6004, -5930, -5193, -2400, -383, -1168, -1574, -1034, -895, -1462, -1359, -1179, -1187]","[8653, 14085, 15776, 17288, 18152, 16973, 13994, 12294, 12367, 11373, 8971, 7720, 6799, 5979, 5032, 3561, 2188, 497, -317, -254, -704, -1787, -1142, 744, 855, 225, -437, -1197, -1883, -3002, -4908, -6711, -6781, -6357, -8104, -10505, -11993, -12691, -15340, -16980, -15858, -14538, -15079, -14736, -14769, -13283, -11089, -8490, -5778, -3973, -2630, -1431, -972, -800, -382, -412, -537, -652, -609, -390]"
"[-23747, -25987, -26653, -26832, -26431, -23736, -20382, -17632, -16211, -14294, -8975, -7253, -6804, -4076, -2068, -1610, -1220, 1589, 2632, 1451, -401, -1409, -1901, -2683, -3027, -2585, -3789, -5161, -4186, -5317, -8378, -9699, -11273, -10671, -11366, -14464, -14381, -12860, -12638, -12244, -11130, -10342, -9620, -8890, -8189, -7520, -7269, -7383, -7199, -6935, -7197, -7649, -7627, -7401, -7518, -7772, -7925, -7724, -7598, -7784]","[11955, 10532, 10200, 11576, 8463, 2568, -265, -1865, -3737, -5367, -2543, -841, 1161, 2283, 4100, 5064, 4966, 3609, 4052, 4206, 3833, 2954, 2160, 2412, 2015, 724, 1354, 2731, 1982, 189, 3854, 992, 2626, 12318, 10186, 6012, 14138, 15764, 10480, 9245, 10395, 8815, 8162, 8514, 7219, 4989, 4548, 4886, 5023, 4456, 4126, 3379, 3596, 3412, 3118, 2190, 2695, 2248, 2024, 1994]","[-10134, -12655, -16493, -19675, -19343, -16500, -14193, -10575, -3710, 3162, 2726, 4470, 7173, 6419, 7275, 9911, 12549, 8352, 6539, 7996, 8751, 8470, 7616, 6036, 3639, 2928, 2538, -65, -2652, -3741, -4824, -7227, -11664, -12599, -10096, -9835, -9514, -8348, -6575, -5225, -4475, -4022, -3751, -2961, -2432, -2189, -1373, -769, -758, -872, -194, 306, 105, -255, 119, 309, 622, 394, 689, 1108]","[-7850, -6707, -1732, -105, -5716, -9158, -7409, -4983, -5220, -4084, -1494, -400, -647, 662, 1344, -469, -3591, -2310, 1400, 3305, 2619, 688, 963, 2091, 1406, 1348, 3785, 4428, 2555, 4499, 6119, 5793, 10315, 5597, -6425, 1502, 8681, 1881, -1706, 452, 1684, 4457, 7168, 5527, 1511, 432, 2789, 4492, 2906, 1120, 578, 1287, 2049, 1804, 1788, 2289, 2642, 2266, 2271, 1552]","[15809, 17211, 20896, 26639, 30916, 31492, 30993, 32767, 32767, 26296, 19235, 17838, 14209, 10260, 10164, 8411, 2444, -745, 387, 1, -2853, -5991, -8491, -11625, -14100, -14329, -16193, -20575, -21105, -20721, -24407, -28300, -29539, -25369, -20528, -18890, -17680, -13956, -10323, -8787, -7111, -5177, -4055, -2823, -1480, -285, -27, -574, -655, 128, 451, -712, -1528, -628, -166, 131, -362, -206, 257, -7]","[22722, 25042, 27521, 28052, 25854, 22716, 19599, 17159, 14518, 10263, 6977, 5346, 3272, 2302, 1356, 35, -573, -1417, 199, 1401, 1451, -179, -1763, -2253, -3213, -5116, -6499, -6754, -8260, -10576, -11693, -13606, -17665, -19122, -18010, -20447, -19461, -16842, -12698, -12350, -11569, -9066, -6168, -4638, -3695, -3636, -2774, -1538, -1371, -1406, -848, -76, 251, 565, 1127, 1595, 1622, 1813, 2064, 1682]"
"[-6450, -5513, -4987, -3447, -386, 1684, 2048, 2666, 2808, 2128, 1204, 855, 299, -1721, -1950, -1298, -2880, -5266, -5406, -4785, -7175, -10147, -8233, -9477, -11992, -13086, -10687, -10930, -10971, -10602, -10000, -9786, -9037, -8190, -7926, -7702, -7288, -7044, -6789, -7174, -7631, -7592, -7635, -7929, -8150, -7739, -7453, -7683, -7923, -7066, -7459, -7453, -7744, -7568, -7497, -7626, -7479, -7721, -7606, -7606]","[-330, 666, 2590, 2988, 2615, 3823, 5049, 5425, 5492, 3962, 4032, 4695, 4081, 3074, 2823, 2834, 2403, 2949, 4781, 4844, 2200, 4740, 11405, 8491, 5652, 9796, 14629, 10658, 7786, 9257, 9553, 8419, 6833, 6599, 6783, 6057, 5182, 4017, 3649, 3330, 2947, 2958, 2969, 2683, 3015, 2842, 1954, 2237, 2582, 2276, 1236, 2151, 2528, 2064, 2169, 2256, 2244, 2164, 2553, 2536]","[8269, 10860, 12968, 12865, 9054, 5767, 5127, 4426, 3504, 2771, 3501, 5361, 6485, 4999, 1904, 808, 669, -1485, -4873, -5065, -4705, -8139, -11682, -8388, -8605, -8423, -8565, -6184, -5162, -4395, -3374, -2091, -1849, -2025, -1364, -653, -351, -244, -99, 533, 869, 377, 70, 351, 607, 312, 106, 495, 596, -15, 343, 380, 450, 307, 66, 91, 298, 415, 183, -25]","[-509, -498, -3002, -5402, -1061, 3882, 3663, 843, -2278, -1286, 3475, 5371, 3294, 1602, 1822, 2368, 2982, 3244, 2767, -182, -54, 7082, 7034, -2043, 1608, 11487, 8191, -1017, 17, 2654, 890, -1482, -224, 2826, 4661, 5192, 4862, 3996, 2769, 1427, 601, 210, -97, 14, -18, -353, -302, -156, -640, -1599, -1421, -1124, -1535, -1798, -1611, -1257, -883, -405, -721, -947]","[18791, 12956, 8113, 2402, -2283, -4090, -3849, -4868, -5952, -6128, -5250, -5874, -8567, -13221, -15836, -15602, -16179, -18780, -19876, -17889, -18890, -22139, -20450, -14467, -14575, -15791, -13588, -9038, -8141, -7015, -5272, -3640, -3716, -2786, -863, 104, 395, 716, 1119, 1019, -11, -516, -174, 143, -255, -494, 437, 621, -56, 252, 888, 831, 211, -31, 295, 680, 590, 184, 143, 409]","[6080, 3980, 685, -2151, -1944, -611, -185, -1343, -2407, -2421, -1027, 64, -519, -2792, -4738, -5766, -7532, -10315, -12426, -12687, -14979, -17816, -16715, -16057, -20073, -18778, -14947, -13019, -13178, -11578, -10191, -8834, -6762, -4786, -2625, -752, 565, 1079, 859, 957, 861, 370, 563, 745, 1037, 1461, 1516, 1226, 1068, 1206, 739, 180, 195, 275, -66, -51, 263, 102, 13, -98]"
"[-23849, -25998, -26348, -24678, -21558, -18637, -15429, -12946, -11105, -8110, -6332, -5336, -4453, -3670, -4287, -4344, -1838, 210, 832, 369, 75, -67, -953, -1506, -1238, -2204, -3601, -3401, -3917, -4196, -5351, -6364, -6539, -8004, -8240, -7837, -8302, -9012, -9809, -10483, -11037, -11035, -10983, -11008, -10611, -9207, -8163, -7634, -7426, -7619, -7621, -7274, -6848, -7013, -7180, -7670, -7867, -7795, -7817, -7819]","[11821, 9681, 6073, 2338, 156, 461, 130, -1417, -1613, -815, -1456, 114, 949, 1788, 4414, 2084, 765, 2765, 3671, 3664, 2932, 3039, 3379, 3816, 3563, 3847, 4136, 3580, 5984, 7450, 2914, 6448, 10987, 4754, 5073, 10605, 10264, 3631, 5302, 8698, 7426, 6131, 6168, 7399, 8044, 7903, 7525, 6047, 4599, 4501, 4364, 3883, 3064, 2175, 2783, 2955, 2749, 2574, 2728, 2501]","[-16398, -16510, -14541, -13009, -12207, -11094, -9288, -6255, -3213, -1264, 392, 3158, 6104, 8112, 12747, 16271, 12496, 8233, 6794, 6268, 5145, 4751, 4588, 3528, 2119, 1281, -45, -2054, -3398, -4947, -6306, -6972, -6601, -7827, -8558, -7969, -5663, -4940, -4571, -3403, -2293, -2095, -2315, -2200, -1981, -2120, -1927, -1290, -597, 433, 1023, 879, 414, 280, 610, 1042, 826, 312, 169, 431]","[-3620, -5057, -10663, -13687, -10608, -6975, -7351, -8519, -6730, -5205, -3384, -1841, -1375, -410, -3264, -5458, -1110, 2376, 1558, -143, -157, 1447, 2806, 2464, 2089, 2852, 4257, 7597, 9631, 5276, 6333, 13512, 5514, -954, 5764, 5392, -5750, -6276, 1430, 827, -4263, -5992, -4183, -2000, -738, 500, 362, -657, 861, 3779, 4810, 3732, 2450, 3233, 4030, 3192, 2131, 1353, 1140, 538]","[21462, 25239, 27049, 26306, 25443, 25901, 26475, 26864, 23974, 20789, 19307, 17815, 15335, 13904, 13499, 5474, -2805, -5669, -5970, -7175, -8923, -9662, -10846, -13006, -14203, -15365, -17428, -18807, -20401, -21306, -20598, -19992, -19300, -18526, -16529, -13385, -10390, -9197, -8100, -6739, -6531, -6603, -6232, -5395, -4598, -3443, -1662, 332, 2131, 2718, 1881, 801, 558, 942, 1101, 641, -235, -344, 433, 1095]","[22163, 23265, 21759, 19848, 18624, 17229, 14823, 12185, 9903, 9267, 7655, 6342, 5402, 4062, 2211, 313, -1365, -1120, -2056, -3377, -4147, -4329, -4438, -5435, -6953, -8249, -8150, -8648, -8097, -8432, -11803, -12460, -9508, -11186, -13139, -12513, -9970, -11461, -12671, -12007, -11759, -12618, -12958, -12110, -10233, -6911, -3967, -2303, -1374, 187, 1423, 1604, 1255, 1129, 1158, 1388, 1198, 1150, 1151, 1349]"
"[-13476, -18128, -20750, -23726, -25967, -24436, -20840, -17529, -14872, -11822, -8970, -6622, -5343, -4381, -3050, -2754, -2237, -1209, 340, 1475, 1483, 887, 523, 428, 155, -949, -1029, -755, -1674, -2301, -2073, -3186, -4587, -4408, -5120, -7877, -7618, -7978, -11015, -11447, -11232, -10926, -10303, -9487, -8452, -8301, -8218, -8110, -7268, -6870, -7104, -7302, -6916, -6765, -7078, -7462, -7265, -7321, -7501, -7382]","[18674, 15244, 12691, 11975, 7791, 2026, -1114, -1843, -3304, -3182, -2979, -1613, -557, 693, 2062, 2471, 1565, 2532, 3508, 4186, 3886, 4053, 4213, 3884, 2716, 2208, 3103, 3286, 2579, 1919, 3365, 4637, 3886, 4101, 6045, 4932, 6945, 9742, 7248, 10551, 12966, 11190, 8407, 8823, 10642, 8788, 7428, 6956, 7030, 7224, 6078, 5293, 5032, 4945, 4252, 3765, 3491, 3278, 3591, 3374]","[-15263, -17995, -20402, -21025, -18263, -15937, -13542, -9729, -5474, -2503, -868, 462, 2552, 4409, 5666, 8656, 11532, 12047, 10024, 8014, 7513, 7224, 6332, 5457, 5054, 4273, 3343, 2664, 1752, 249, -859, -1954, -3853, -5508, -5588, -6699, -10771, -9559, -8553, -10900, -9537, -7390, -6096, -5549, -4566, -3348, -2471, -1657, -1887, -1738, -948, -250, -389, -625, -426, 198, 371, 458, 419, 315]","[509, -2268, -35, -2569, -11526, -15043, -10537, -8397, -9128, -9283, -8307, -6164, -4440, -2804, -1902, -1939, -1587, -522, -1071, 88, 1258, 1904, 1713, 1067, 592, 2802, 4465, 3544, 2268, 3904, 6880, 5151, 2826, 7725, 9102, 2667, 5541, 3264, -2526, 2210, 1626, -3166, -2714, -199, -342, -1549, 573, 5010, 7279, 5135, 1876, 1570, 2283, 1577, -329, -635, 978, 2618, 2171, 650]","[14967, 18478, 22195, 27985, 29997, 28905, 28680, 30616, 29350, 25827, 22127, 19706, 18101, 14977, 12873, 12207, 8348, 2878, -1544, -2890, -3342, -4828, -6742, -8317, -9453, -10698, -12377, -13725, -15055, -16342, -17321, -18414, -18564, -18234, -17773, -19536, -20544, -16276, -16769, -16571, -12754, -11628, -11225, -10040, -6509, -4729, -3721, -2986, -2599, -1351, -447, -882, -1457, -953, -493, -724, -920, -487, -393, 67]","[16965, 20336, 22506, 23101, 21578, 19763, 18649, 16764, 13133, 9689, 7326, 5543, 4440, 3428, 2791, 2853, 2139, 593, -809, -669, -322, -908, -1329, -1810, -2808, -3786, -3637, -3814, -5767, -7269, -7107, -7519, -10007, -8365, -5747, -10470, -11579, -11582, -16236, -16081, -14422, -13963, -13774, -13400, -11242, -8398, -7254, -5493, -3535, -2452, -2072, -1068, 50, 765, 980, 621, 944, 1532, 1426, 1183]"
"[0, 0, -7829, -12590, -17166, -20343, -23485, -24722, -22983, -20165, -17041, -14180, -11286, -9123, -7670, -5694, -4388, -4294, -4330, -1540, 493, 1313, 1322, 423, 17, -93, -233, -1323, -1712, -993, -1896, -3385, -3523, -3028, -3715, -6135, -6790, -5315, -8676, -10399, -8636, -8774, -9739, -9539, -9155, -9060, -8891, -8388, -7224, -6650, -7031, -7353, -6888, -6364, -6720, -7095, -6850, -6857, -7185, -7643]","[0, 0, 19553, 19163, 13186, 11809, 10605, 7844, 3236, 565, -474, -1549, -1841, -1894, -382, 608, 1374, 2634, 2746, 2431, 2888, 2688, 3507, 3977, 3794, 3304, 3714, 3306, 2598, 2899, 4128, 2913, 2551, 5278, 5489, 3285, 6053, 7034, 4517, 6079, 7946, 5741, 5574, 6350, 6374, 6767, 7098, 6782, 6760, 5587, 5127, 5482, 4473, 3434, 2756, 3653, 3985, 3363, 3216, 3736]","[0, 0, -19086, -18001, -17871, -20643, -22074, -19856, -17032, -13776, -9899, -6344, -4111, -1299, 1340, 2608, 4099, 6998, 10599, 9536, 8013, 7559, 8122, 9219, 7844, 5817, 5094, 4700, 2283, 176, 358, -375, -3486, -6192, -5207, -5443, -9528, -10578, -7849, -10527, -13670, -12137, -10033, -9852, -9944, -8823, -7518, -6924, -7066, -6130, -3866, -2068, -1856, -2081, -1504, -975, -1520, -1949, -1481, -1034]","[0, 0, 5130, 474, -7986, -7995, -6950, -9389, -11943, -9357, -8417, -9325, -7928, -5350, -4234, -3142, -1162, -688, -1565, -869, -271, 446, 3039, 4248, 3958, 2862, 2154, 1006, 2286, 4448, 3027, 923, 6025, 9324, 4757, 5657, 10717, 9867, 7085, 8659, 6339, 3047, 3363, 1565, 37, -1068, -1546, -992, -400, -136, 2371, 3565, 2897, 2575, 3688, 4652, 3648, 2298, 2185, 1476]","[0, 0, 12656, 20369, 22178, 23627, 27583, 30253, 30608, 29280, 28903, 26554, 24310, 22661, 19213, 16332, 14316, 14624, 11652, 4872, 2174, 1060, 364, -2832, -7401, -9463, -10303, -13412, -16152, -16153, -16233, -18803, -20936, -19813, -18102, -20068, -23107, -18520, -16399, -21300, -20861, -15305, -14559, -15188, -13844, -10788, -9388, -9262, -6860, -2447, 657, 715, -152, 490, 991, -426, -1263, -547, -47, -652]","[0, 0, 15044, 18455, 17595, 18797, 20494, 19461, 17247, 15807, 13660, 10333, 8740, 8026, 6284, 5131, 4793, 3229, 1614, 747, 360, -381, -70, 1572, 1267, 29, -1354, -1920, -2687, -3453, -4657, -6349, -7141, -6659, -7533, -9650, -8673, -6903, -8113, -7898, -7457, -7457, -7955, -8335, -8872, -8755, -8191, -6913, -5085, -3585, -2318, -632, 231, 133, -37, 370, 445, 280, 192, 183]"
"[-23929, -27465, -28412, -26222, -23117, -19421, -16136, -13580, -11190, -6902, -4903, -4807, -2919, -1089, -970, -242, 1652, 2545, 2510, 2202, 2399, 2073, 1523, 622, -224, -690, -723, -1448, -3023, -2725, -1745, -4110, -4619, -3602, -5364, -6848, -6397, -6976, -8281, -8603, -8819, -8680, -9190, -9062, -10428, -10909, -10392, -10136, -9647, -8207, -7894, -7966, -7522, -6688, -6761, -7214, -7061, -7072, -7291, -7571]","[12676, 13436, 9997, 5846, 4088, 2057, 480, -1143, -2160, -1609, -762, 15, 674, 286, 1063, 2292, 2673, 3185, 3451, 4872, 4932, 4218, 3621, 3340, 3215, 2470, 1539, 1991, 2330, 1836, 2167, 3309, 4188, 4040, 5595, 6724, 7836, 11220, 10203, 8779, 12531, 13173, 9502, 9507, 9931, 8109, 8733, 8854, 8434, 8958, 8824, 7018, 5621, 5314, 5488, 4892, 4404, 3998, 3842, 3162]","[-15802, -15971, -14160, -11685, -9274, -6910, -4726, -1320, 1667, 861, 2869, 6472, 6963, 6986, 8990, 9625, 8275, 7416, 8073, 8938, 8942, 9036, 9014, 8887, 8199, 6809, 5871, 6085, 5079, 2218, 501, 612, -1833, -4244, -4375, -5317, -7623, -7444, -6279, -6555, -6897, -5662, -4192, -3287, -589, -58, -123, 315, 202, -1596, -1313, -185, -30, -693, -394, 278, 50, -111, 188, 783]","[-1277, -3156, -7932, -6721, -3860, -5233, -8077, -9437, -6857, -4068, -2995, -2946, -3424, -2751, -969, -580, -1817, -1830, -38, 492, -387, -116, 865, 1257, 723, 326, 2047, 3174, 1711, 1369, 2696, 3169, 1718, -914, -559, -757, 2608, 3395, 1583, 5679, 7710, -1447, -4560, -3131, -4246, -3647, 1349, 6491, 10466, 11753, 8689, 6156, 5902, 5716, 3295, -145, -2992, -4617, -5036, -4212]","[24951, 29483, 30846, 30759, 30590, 30220, 29341, 28033, 22787, 17957, 19247, 17024, 11513, 9707, 9151, 5528, 2351, 1984, 2302, 851, -1196, -2283, -3597, -5751, -8127, -9891, -10503, -11495, -14632, -16917, -15871, -15696, -17869, -17014, -16228, -17346, -16191, -12568, -11630, -11291, -10450, -6652, -5595, -3909, -2222, -2956, -3110, -2663, -2921, -2280, -387, 114, -692, -696, 285, -1, -620, -284, 371, 740]","[20788, 21888, 21334, 20897, 20122, 17026, 13738, 11647, 10106, 8220, 6550, 4879, 3586, 2474, 1756, 773, -391, -1149, -996, -929, -875, -860, -960, -1031, -1645, -2748, -3642, -4446, -6027, -8064, -9213, -9486, -10834, -13597, -16067, -16667, -18565, -18060, -17195, -17325, -16900, -16560, -16861, -16074, -15306, -14819, -12585, -9334, -6595, -4297, -2470, -1212, -210, 285, 577, 472, 122, -41, 70, 638]"
"[-5363, -6575, -10032, -14827, -20323, -24872, -28326, -27094, -24781, -21547, -17343, -14276, -11743, -8389, -6590, -5864, -6200, -5239, -654, 1658, 2537, 2904, 2458, 2424, 2103, 1662, 1989, 1207, 135, -438, -1309, -2621, -3789, -4055, -4948, -7778, -9081, -8184, -11337, -15773, -15900, -9758, -11750, -13392, -12343, -11787, -11113, -9827, -8560, -7840, -7359, -7293, -7400, -7404, -7603, -7742, -7506, -7286, -7458, -7908]","[17810, 22730, 23998, 20099, 18647, 15802, 11707, 6715, 3205, 867, -1523, -2930, -1830, -998, 493, 984, 2499, 2788, 2256, 2976, 3150, 3524, 3450, 4679, 4964, 4439, 4554, 5100, 4635, 3151, 3469, 3594, 2802, 1833, 2410, 3230, 2483, 3997, 6468, 5341, 7010, 13517, 10385, 4576, 7788, 9019, 8435, 8106, 8149, 7202, 5837, 4550, 3454, 3422, 3962, 4055, 3351, 3222, 3304, 3036]","[-10068, -15594, -17627, -17808, -17582, -19152, -19423, -18662, -14927, -12049, -10016, -4746, -747, 334, 1756, 4438, 8889, 12623, 8577, 6129, 5621, 5222, 5915, 6047, 5754, 5006, 5249, 5067, 3227, 2782, 4658, 4502, 1448, -1108, -1290, -1800, -6547, -9944, -7927, -10021, -15374, -17967, -9503, -7049, -8338, -7781, -7285, -6956, -6170, -4434, -2890, -1808, -1247, -1012, -725, -605, -1115, -1253, -661, 241]","[-3102, -13997, -10023, -780, -1092, -10884, -17361, -14117, -10142, -10865, -10281, -7122, -3512, -2079, -2041, -752, -96, -2274, -1891, -872, 501, 1709, 1089, 2558, 3533, 4033, 4405, 3173, 2461, 4302, 5700, 4101, 3198, 5270, 7842, 6412, 4470, 5094, 1841, -153, 4519, 4421, 371, 3545, 8497, 6531, 6022, 5504, 2697, -5, -562, -757, 127, 1768, 2027, 1052, 1337, 1890, 1080, 70]","[3247, 6587, 10699, 18354, 23689, 25742, 26112, 27125, 28691, 27551, 26853, 26164, 21613, 18443, 16753, 15940, 14610, 7978, 1812, 1434, 810, 711, 495, -709, -2340, -3019, -3523, -6173, -8495, -8314, -8948, -13648, -18160, -19434, -19403, -22993, -27571, -25584, -24389, -31512, -32768, -25123, -13485, -14266, -14511, -12003, -9222, -7150, -4342, -1116, 690, 1128, 826, 315, 69, -485, -876, 33, 1570, 1733]","[117, 1975, 12297, 22623, 24913, 22771, 21778, 23320, 22907, 18974, 16054, 14444, 12826, 10609, 8152, 6873, 5355, 2877, 2178, 1494, 1388, 1391, 98, 214, 1157, 970, 385, -279, -717, -1181, -2089, -2859, -4384, -5404, -5365, -5838, -8638, -11086, -11723, -15648, -20360, -18429, -11657, -10587, -11758, -11564, -9627, -7229, -6366, -4904, -2631, -1209, -1214, -1032, -630, -319, 433, 963, 1217, 1771]"
