"[1252, 13461, 9336, 6055, 13238, 8707, 9729, 10603, 9592, 9801, 9591, 8946, 8900, 8293, 8480, 8242, 8699, 8786, 9182, 9341, 9189, 9146, 8894, 8778, 8761, 8681, 8584, 8485, 8538, 8993, 9030, 9104, 9294, 8928, 8798, 8735, 8905, 9159, 8872, 8739]","[904, 2430, 6936, -1723, -1293, 6873, -1870, -2102, 6400, 332, 791, 1834, 98, 1476, 1276, 562, 1596, 1436, 2012, 837, -130, -344, 96, 351, 802, 393, 367, 1344, 910, 861, 1184, 327, 429, 497, 408, 332, 668, 944, 1168, 617]","[-27426, -3089, -1284, -359, 4225, 6300, 3972, 1277, -1502, -4568, -2832, 1187, 1513, 226, -922, -1337, -1581, -1891, -1807, -2037, -1580, -1201, -1648, -1989, -1644, -878, -1056, -1185, -1132, -1082, -1151, -1883, -2275, -1427, -1171, -1201, -1400, -1109, -1079, -1297]","[22988, -4926, -4509, -10080, -3292, -4477, -4806, 5370, 4432, -951, -678, -1346, -175, 1852, 1059, 1591, 1028, 1091, 777, -122, -229, 280, 566, 250, -82, -728, -45, 597, 830, 1341, 1537, 1239, 435, -162, 175, 381, 156, -133, -534, -544]","[2028, -16266, -1644, -2155, -3375, -3054, -1238, -1128, -930, -1855, -1618, -1623, -1746, -1255, -1382, -1201, -1194, -989, -891, -699, -351, -258, -217, -132, 27, -87, -93, -161, -78, -41, -21, 24, 234, 372, 439, 348, 295, 355, 370, 392]","[-4766, -6477, -3763, 1809, -2127, -832, -132, -1409, 129, -60, 947, 1160, 439, 480, 320, 261, 259, 334, 740, 1049, 1135, 797, 463, 244, 175, -84, -309, -401, -403, -252, -173, -174, 138, 267, 122, -13, 12, 96, 186, 164]"
"[17734, 16177, 3305, 7628, 9969, 8334, 8315, 9097, 8871, 9396, 9204, 8828, 8775, 8714, 8690, 8967, 8846, 8615, 8730, 8882, 9094, 8766, 8650, 8851, 9199, 8775, 8742, 8564, 9077, 9174, 8754, 8957, 8800, 8882, 8838, 8872, 8901, 8856, 8864, 8858]","[-22399, 5482, 3642, 430, 2132, 3245, 2220, 238, 1565, 471, -901, -242, 1065, 973, 912, 808, 981, 1039, 469, 526, 711, 1014, 397, 643, 357, 1019, 1209, 1175, 53, 716, 894, 354, 498, 619, 534, 454, 661, 362, 413, 523]","[738, 5303, 17, 265, -1668, -827, -1374, -2011, -1574, -1364, -1530, -1827, -1412, -1765, -1845, -1894, -1710, -1707, -1913, -1770, -1206, -1345, -1653, -1638, -1516, -1449, -1693, -1532, -1695, -1383, -1538, -1602, -1528, -1492, -1429, -1359, -1244, -1232, -1300, -1227]","[-12108, 3565, 572, -1479, 1713, 1115, -453, 813, 1489, 554, 939, 697, -484, -745, -401, -555, -229, -372, -414, -286, 327, 220, 76, -398, -743, -268, -320, -302, -657, -63, -368, -314, -288, -455, -436, -130, -127, -251, -185, -339]","[-3970, -1493, -2058, -2820, -2063, -1905, -1893, -1504, -1182, -1005, -852, -893, -891, -762, -610, -468, -254, -148, -58, 15, 110, 100, 113, 51, 65, 114, 195, 269, 237, 311, 312, 353, 369, 418, 492, 508, 525, 473, 451, 417]","[-1047, 2131, 2304, -692, 704, 918, 1000, 1340, 1315, 1285, 802, 403, 172, 118, 144, 227, 280, 296, 199, 192, 164, 173, 82, -2, -14, 20, 145, 236, 254, 324, 321, 308, 252, 257, 208, 171, 167, 114, 68, 2]"
"[26488, 5474, 6894, 10928, 8329, 8179, 9383, 8542, 8861, 9133, 8851, 9355, 8970, 8953, 9118, 8879, 9106, 8864, 8920, 8909, 9103, 9078, 8878, 8969, 8962, 8848, 8871, 8795, 8812, 8921, 8996, 8898, 8877, 8900, 8843, 8835, 8921, 8814, 8893, 9006]","[-23420, 9320, 127, -3449, 1759, 3166, -1268, -1082, 2117, -296, -1153, -1924, 64, 504, -460, -509, -324, -479, -161, 325, -368, -538, 219, 50, -72, 125, -89, -172, -410, -66, 100, 8, 92, -338, -272, 164, -595, -488, -31, -313]","[4924, 3505, 2187, -6294, -3884, -1388, -12, -747, -1118, -1576, -416, -568, -524, -1108, -1578, -1401, -1289, -1398, -1191, -1015, -1106, -1118, -883, -663, -549, -448, -474, -416, -623, -503, -397, -479, -269, -126, -60, 109, -75, -180, -113, -211]","[-5578, 8158, 2419, 2139, 2555, -3137, -3195, 2807, 1410, -2437, -3010, -2157, 5, -532, -698, -421, -460, -596, -53, -303, -604, -518, -307, -857, -838, -775, -1214, -1180, -1016, -807, -664, -681, -955, -650, 263, 82, -691, -332, -332, -136]","[-1317, -1425, -3461, -2868, -851, -1035, -922, -787, -591, -565, -514, -650, -470, -499, -344, -283, -172, 75, 356, 552, 650, 780, 875, 894, 939, 881, 798, 681, 650, 751, 735, 759, 773, 652, 598, 474, 371, 289, 142, 243]","[697, -2683, -1977, -3228, -1580, -1029, -1009, -168, -101, 257, 55, -368, -444, -361, -299, -408, -490, -437, -443, -328, -371, -301, -290, -198, -88, -95, -4, -25, -73, -1, -2, 74, 195, 187, 157, 101, 21, -179, -237, -249]"
"[25078, 17816, 8071, 5339, 11749, 7539, 8253, 9359, 7795, 8402, 9820, 9798, 8602, 8515, 8551, 9009, 8558, 8597, 8921, 9073, 8734, 8588, 8638, 8703, 8859, 8679, 9418, 9245, 8913, 8908, 8819, 8751, 8886, 9096, 8887, 9038, 8933, 8953, 8888, 8881]","[14093, -25906, -8907, 6062, 5771, -40, -3424, 2288, 5899, 870, -1412, 291, 567, 1736, 2207, 1762, 1751, 1469, 667, 848, 898, 623, 1436, 1055, 1118, 1308, -148, -14, -88, -167, 290, 251, 459, 533, 546, 266, 107, 542, 383, 360]","[23584, 4768, -2142, -8710, -5240, 669, 2123, -506, -2225, -581, 548, 525, -950, -1648, -914, -521, -727, -969, -917, -223, -213, -387, -393, -990, -982, -667, -802, -282, -312, -432, -338, -382, -340, -239, -316, -346, -362, -385, -522, -356]","[-32768, 461, 26810, 20848, -8702, -12678, -1864, 6241, 1349, -1919, 1576, 2737, 1571, 570, -539, -16, 42, -1051, -2005, -1620, -1427, -660, 19, 112, 972, 180, -819, -258, -560, -546, -499, -92, 681, 813, 1050, 1007, 1091, 378, 228, 300]","[3609, -6471, -192, -354, -2083, -1891, -1046, -317, -446, -643, -375, -358, -665, -355, -230, -70, 129, 123, 44, 38, -82, -133, -36, -63, 193, 294, 330, 496, 362, 296, 247, 294, 326, 336, 317, 188, 86, 42, 48, -27]","[10008, -1028, -2199, -2661, -921, -740, -977, -1800, -260, 180, 67, -342, -791, -470, -42, 248, 446, 551, 541, 488, 391, 327, 436, 632, 871, 975, 1025, 912, 607, 343, 53, -106, -224, -134, -59, -120, -187, -262, -350, -465]"
"[16959, 6477, 7468, 8234, 8461, 8548, 8922, 8950, 8847, 8913, 8773, 9219, 8684, 8712, 9035, 8883, 8979, 8501, 8486, 8919, 8953, 8782, 8505, 8631, 9070, 8807, 8666, 8592, 8528, 9373, 8669, 8837, 8624, 8668, 9059, 8753, 8633, 8706, 8835, 8781]","[-21365, 12213, 9224, 4839, -176, 1815, 2242, -1667, -647, 898, -693, -532, 241, 77, 813, 1157, 1395, 1040, 464, -243, 1035, 1310, 624, 414, 329, 983, 571, 736, 384, -317, 1258, 473, 427, 223, -111, 1358, 758, 414, 368, 679]","[6824, 2307, -1082, -4517, -2994, -2187, -1396, -895, -449, -1260, -2237, -1879, -1169, -2105, -2496, -2212, -1577, -1730, -1998, -2408, -2348, -2204, -2052, -1978, -2424, -2185, -2016, -2135, -1956, -2296, -1816, -2014, -2193, -2019, -1928, -1979, -2224, -2088, -1973, -2023]","[-1846, 15401, 4014, -6551, -1540, 3475, -651, -303, 2374, 1692, 558, 555, -364, -132, 183, -46, -33, 83, 98, 221, 591, 74, 61, 344, 506, 392, 288, 525, -327, -631, -312, -636, -330, -801, -351, -57, -684, -632, -613, -252]","[-1852, -2516, -1358, -2249, -1061, 5, -219, -387, -590, -836, -902, -801, -922, -1026, -825, -606, -476, -445, -492, -493, -343, -212, -116, -128, -43, 74, 94, 141, -90, 7, 99, 52, 67, -112, -120, -77, -92, -105, -173, -183]","[-5239, -1348, 697, -990, 1511, 1483, 1814, 1595, 1134, 815, 398, 83, -476, -719, -655, -405, -213, -134, -141, -214, -66, 98, 140, 15, 70, 196, 226, 92, -96, 54, 31, 41, -57, -232, -234, -204, -111, -144, -225, -265]"
"[32767, 8134, 298, 10559, 9982, 7994, 9950, 8598, 8503, 8847, 9058, 8693, 8953, 8797, 8804, 8501, 8509, 8485, 8471, 8613, 8686, 8637, 8244, 7840, 9391, 9897, 8953, 7760, 8380, 9387, 8099, 8013, 7845, 8339, 8757, 8711, 8297, 7856, 7843, 7999]","[4618, 8638, -26, -1077, 5776, 3857, -2920, -4403, 1908, -654, -3100, -304, -544, -1223, 407, 665, 682, 1054, 922, -218, -368, 947, 1064, 1191, 333, 1041, 1227, 637, -868, 1505, 3830, 2469, 2354, 2230, 1787, 2438, 2603, 4027, 3968, 2894]","[7010, -91, -2341, -7449, -4666, -2954, -1467, -2080, -3441, -2434, -1815, -2544, -2394, -2142, -2615, -2742, -2657, -2591, -2240, -2263, -2657, -3104, -3451, -3455, -2725, -2226, -2685, -2366, -2591, -2446, -2374, -2173, -1997, -2171, -2668, -3101, -3472, -2950, -2492, -2362]","[13499, -8009, -3489, 5416, 2286, -4804, -6387, 828, -265, -6601, -3953, -2705, -4395, -2695, -2143, -2796, -2435, -2057, -2414, -2778, -1941, -1678, -2035, -2018, -3022, -2392, -2331, -2593, -2286, 924, 353, -1021, -779, -1093, -272, 510, 467, -483, -2439, -2252]","[-7071, -1528, -6596, -4296, -1819, -1345, -1444, -879, -515, -1024, -809, -709, -877, -742, -738, -721, -623, -413, -361, -462, -616, -532, -280, -26, -77, 46, 37, -292, -521, -175, -55, -85, -173, -204, -224, -194, -288, -376, -359, -209]","[-11633, -7699, -5262, -4712, -1401, 141, 412, -502, -372, -299, -808, -1128, -1253, -1580, -1734, -1620, -1452, -1184, -956, -1193, -1562, -1603, -1542, -1611, -1829, -1740, -1809, -2020, -2383, -2431, -2261, -2003, -1881, -1919, -1914, -1812, -1574, -1133, -654, -372]"
"[9368, 14007, 2397, 7664, 9671, 7770, 5979, 4832, 5824, 7305, 8286, 7915, 8243, 9612, 10318, 10591, 11142, 9584, 9782, 10285, 6964, 6454, 7717, 16711, 20925, 2149, 9483, 9466, 9118, 9536, 8396, 7955, 8618, 8645, 8549, 8321, 8275, 8465, 9068, 9164]","[32767, 19760, -3908, -3072, -981, 2513, 2712, 2799, 2453, 1530, 2285, 1833, 766, 530, 540, 1179, 2182, 1960, 1205, 323, 3872, 5015, 4308, 310, 3379, 4938, 1567, 4416, -1611, -2209, -38, -69, -17, 163, 466, 1784, 1910, 1087, -759, -1720]","[-28948, 1265, 3253, -1694, -3214, -550, -889, -1873, -1498, -644, -1048, -247, 213, -440, -700, -660, -1471, -1931, -2929, -2937, -3484, -2469, -3620, -4320, 7513, -1947, -6862, -6058, -1789, -1607, -2971, -2645, -1223, -1477, -2348, -2904, -3245, -3220, -2026, -921]","[24116, -26401, -18108, 10389, 6564, 6024, 9663, 4339, 1817, 1218, -1283, -3150, -727, 1709, 3439, 4013, 2131, 2192, 1680, 4601, 5872, 259, -5674, -384, -1734, 3312, 2785, -2382, -6038, -1039, -675, -2594, -2279, -2485, -2327, -1838, -1924, -1688, -2765, -1605]","[-2831, -13055, -268, -2543, -2027, -3330, -2293, -1802, -129, 1268, 2282, 3072, 3056, 3110, 3652, 3883, 4506, 4584, 4480, 3014, 402, -2055, -2338, -3600, -2652, -4069, -3378, -1539, -778, -453, -333, -470, -528, -696, -861, -686, -338, -120, -295, -566]","[-847, -13651, -9747, -7878, -8102, -7100, -3234, -74, 3182, 5912, 7680, 9669, 11750, 12738, 13166, 13428, 13583, 13486, 12777, 8797, 3938, -914, -2104, -5769, -8561, -5280, -2971, -2198, -736, -1693, -1528, -1865, -1909, -2256, -2172, -1828, -1384, -1104, -1317, -2171]"
"[5278, 11153, 8747, 6082, 6999, 7629, 8655, 7704, 7782, 9333, 10734, 8994, 8991, 10282, 9621, 8127, 8673, 8315, 7415, 7563, 7211, 8219, 5744, 18253, 12989, 7609, 7232, 8587, 10101, 9317, 8112, 8228, 8542, 8963, 8776, 8491, 8580, 8774, 8625, 8550]","[26890, 20094, -407, -3411, -1716, -232, 911, 3107, 2715, 1312, 1908, 1885, 2984, 2917, 1644, 1807, 2767, 2988, 3281, 3052, 2843, 3600, 6903, 15180, -17546, 1461, 9993, -681, -1546, 1831, -16, -1024, -556, 297, 1574, 1087, 821, 560, 1130, 912]","[-31883, 7026, -4555, -2235, -1742, -2075, -2042, -2958, -1242, -2879, -2970, -1989, -2604, -3792, -4356, -4576, -4948, -4656, -3326, -3237, -5960, -1569, -4708, 7658, 10239, -1140, -6533, -2811, -1597, -1421, -2875, -2426, -1428, -1816, -2007, -2191, -2056, -2042, -1869, -1884]","[32767, -27843, -3978, 1056, 4468, 18252, 17413, 14845, 12026, 12128, 12834, 14590, 16538, 15199, 11048, 7914, 3444, -1826, -5293, -6545, -6975, -7984, -7238, -10461, 1783, 11033, 2463, -7473, -642, -549, -2821, -1488, -1289, -1146, -1057, -1527, -1334, -1100, -1132, -1365]","[-4578, -22995, -1307, 1344, 786, 388, 876, 4094, 5951, 6950, 7777, 7424, 6072, 5499, 5079, 4395, 3428, 1991, 1111, 193, 216, -588, -1546, -2929, -1441, -1130, 201, -1139, 263, 399, -262, 217, 54, -81, 226, 409, 738, 676, 944, 949]","[-1254, -9978, -6187, -3963, -3982, -3005, -1249, -292, 1634, 2525, 2881, 3517, 3815, 3834, 3972, 5140, 6771, 8005, 9593, 10289, 9632, 6254, 2997, -5897, -5252, -3210, -848, -2295, -1425, -815, -1248, -1174, -1640, -1789, -1445, -1209, -1043, -1077, -917, -931]"
"[13868, 5625, 12373, 7755, 6479, 9334, 7146, 8361, 7664, 7801, 8506, 8607, 9114, 8400, 8844, 8639, 7933, 8375, 7748, 8146, 9691, 9678, 11200, 10726, 9284, 8884, 8053, 8676, 8386, 9030, 9391, 9423, 8703, 8565, 8764, 9249, 9106, 8551, 8699, 8436]","[27862, 5928, -2017, -3722, 1850, 2078, 718, 2110, 1778, 1458, 1902, 2742, 62, 588, 3588, 2154, 470, 2248, 3196, 3238, 5865, 2453, -2946, -1694, 1454, 1843, 128, -567, 1050, 2000, 485, 109, -555, -1126, -994, -93, 723, 781, 839, 1973]","[6056, -6704, 2340, -444, 214, 1054, 1711, 2422, 1852, 1575, 863, 1125, 516, 255, 1386, 500, 321, -495, -950, -577, 242, -930, 2292, -1178, -3847, -3112, -1173, 150, -533, -1612, -2385, -1612, -691, -582, -1236, -1552, -1015, -872, -1555, -1934]","[3294, -19352, -26422, -1842, 3431, 49, -16, 1477, -1383, 2683, 4899, 7988, 5254, 10950, 10107, 8942, 11914, 12398, 8503, 3105, -4099, -11682, -5401, 4022, 3838, -1962, -3983, -909, 2257, 1113, -488, -684, -812, -594, -732, -1001, -1417, -871, 565, 595]","[-27, -3376, -2113, -3711, -1821, -839, -838, 93, 353, -439, -640, -294, 821, 784, 682, 655, -641, -941, -1202, -1512, -941, -1073, -963, -208, -361, -142, -115, -215, -420, -405, -155, 86, 5, -413, -795, -804, -773, -885, -866, -740]","[-5136, -5631, -5193, -6557, -7006, -4880, -4391, -3212, -2466, -2671, -2783, -3260, -2414, -1727, -1545, -1409, -1069, -453, 914, 2640, 4424, 4059, 3104, 1964, 1567, 1985, 1710, 1152, 775, 980, 1183, 1286, 838, 160, -506, -773, -1002, -1170, -1258, -1103]"
"[2467, 26063, -5045, 13065, 14340, 8106, 7278, 10789, 11357, 10662, 8908, 8866, 9084, 8375, 8012, 8318, 8461, 8313, 8781, 9147, 9250, 8804, 8617, 8850, 8642, 8581, 8642, 8771, 8795, 8763, 8759, 8623, 8743, 8713, 8775, 8661, 8815, 8653, 8638, 8574]","[32767, -8626, -522, -2442, 4122, 607, 978, 709, 2006, 964, -756, -116, 613, 880, 896, 1110, 1295, 343, 155, 54, 628, 312, -299, -431, 761, 918, 789, 307, 750, 381, 394, 259, -176, -244, 143, 637, 431, 71, -628, -1129]","[-32768, 22331, 2240, -9459, -4754, -996, 465, -1433, -1802, -2709, -3626, -2926, -1961, -1772, -1851, -1885, -1916, -2339, -2371, -2250, -2118, -2263, -2290, -2363, -2375, -2364, -2300, -2499, -2464, -2453, -2391, -2234, -1998, -2430, -2502, -2517, -2388, -2215, -2296, -2759]","[9180, -29728, -4147, 9869, 6981, -272, -396, 2145, 1757, -403, -378, -521, -1270, -967, -626, -153, -153, -21, 377, 815, 1045, 481, 442, 827, 1142, 655, 547, 470, 580, 459, 662, 421, 669, 1036, 1381, 1197, 1052, 1175, 1500, 2248]","[4688, -6457, -932, -285, 1390, -362, -307, -545, -82, -322, 14, 218, 205, 88, -46, -130, -89, -145, -185, -186, -98, -113, -124, -200, -171, -141, -43, 3, 114, 170, 201, 223, 89, 41, 174, 254, 378, 427, 412, 157]","[15478, 2745, 2615, 9067, 6599, 4940, 5534, 4279, 4156, 3813, 3210, 2616, 2085, 1760, 1581, 1551, 1554, 1350, 1125, 939, 893, 716, 422, 132, 123, 162, 257, 242, 373, 364, 376, 276, 38, -145, -131, -98, -78, -184, -400, -678]"
"[30845, 9764, 5809, 9205, 6611, 8086, 8433, 9234, 9165, 8880, 9222, 9445, 8913, 8687, 8413, 8983, 8733, 8997, 8569, 9023, 9114, 9010, 8855, 8761, 9136, 8806, 8663, 8597, 8807, 8798, 8612, 8491, 8935, 8838, 8438, 8131, 8808, 9424, 8578, 8846]","[-20375, 17260, 4070, -13009, -4769, 4210, 205, -5485, -926, 1923, -1306, -1406, -829, -753, -1239, -79, 183, -757, -572, -6, 387, 373, -214, -805, 0, 687, -355, -175, 137, 105, -101, -119, -202, 748, 701, 500, -645, 757, 1772, 48]","[6764, 3347, 873, 2843, -8098, -938, -1832, 79, -1667, -2084, -1613, -1809, -2034, -2676, -1832, -1533, -948, -1246, -1687, -1843, -1912, -1842, -1845, -1643, -1852, -1685, -1503, -1557, -2035, -2342, -2095, -1967, -2626, -2460, -2285, -2390, -2938, -2832, -2291, -2676]","[-17746, 25607, -14406, -509, 9670, 2142, -7211, -1677, 4994, 1102, -748, 1090, -816, -1315, -772, 323, -892, -118, 155, 383, 213, -165, -773, -376, 455, -335, -345, 713, 946, 397, 899, 1395, 1201, 807, 183, 361, -616, 251, -491, -551]","[2185, -4912, 1332, -5474, -2498, -1946, -2520, -2340, -1840, -1750, -1574, -1229, -702, -231, -32, -286, -409, -605, -766, -717, -553, -410, -277, -359, -332, -373, -598, -1008, -1319, -1182, -1082, -1092, -1043, -760, -648, -566, -689, -350, -260, -172]","[-299, -2040, -422, -3979, -1925, -1284, -1747, -1918, -1818, -1456, -1217, -1324, -1091, -909, -996, -986, -1003, -1090, -1097, -999, -794, -575, -589, -727, -785, -671, -740, -889, -953, -799, -780, -958, -917, -727, -557, -589, -627, -192, 67, 160]"
"[12365, 6350, 8378, 7133, 7647, 8604, 9217, 9111, 9065, 8921, 8889, 9001, 8719, 8814, 9022, 8975, 8756, 8829, 8806, 8706, 8781, 8772, 8811, 8671, 8613, 8674, 8875, 8681, 8652, 8739, 9007, 8851, 8750, 8600, 8528, 8727, 8770, 8620, 8610, 8643]","[22973, 5095, -15204, -6391, 4811, 402, -6322, -1079, 1944, -1964, -1072, -258, -784, -430, 112, -2, -56, -182, -978, -719, -424, -584, -880, -191, -224, -186, -256, -387, 30, 250, 83, -508, -61, -8, 182, 418, -82, 207, -325, -80]","[10027, -6198, 1992, -5480, -2248, -1725, -648, -727, -1491, -1452, -1401, -2886, -3238, -1459, -1249, -1462, -1397, -1328, -2267, -2086, -1923, -2217, -2662, -2506, -2282, -2236, -2112, -2017, -1995, -2354, -2435, -2527, -2712, -2992, -2806, -2541, -2630, -2645, -2704, -2864]","[-1684, -14298, -7888, 10834, 3600, -7394, -3026, 3667, 306, -3, 2949, 1580, -1254, 75, 522, -85, 196, 1284, 3, 146, -247, -484, -334, 292, 318, -152, -231, 307, 366, -199, -802, -822, -520, -853, -963, -1480, -1623, -1577, -1781, -1463]","[-1376, 351, -5203, -2184, -896, -1708, -1927, -1374, -1772, -2043, -1884, -1472, -95, -3, -422, -648, -988, -1832, -1452, -1200, -1142, -1048, -837, -583, -448, -338, -463, -485, -661, -771, -697, -648, -534, -404, -281, -222, -155, -45, -38, 42]","[-2390, -1948, -2999, -2968, -1236, -1922, -1785, -2107, -2103, -1964, -1867, -1735, -1106, -998, -903, -788, -705, -789, -677, -651, -773, -882, -779, -733, -711, -638, -454, -428, -431, -369, -322, -303, -358, -319, -234, -139, -103, -73, -148, -101]"
"[23049, 9544, 9919, 6765, 8722, 8404, 8200, 8733, 8881, 8844, 9007, 8875, 8973, 9144, 8687, 8875, 8957, 8724, 8813, 8813, 8905, 8926, 8585, 8762, 8789, 8561, 8485, 8474, 8676, 8923, 8882, 9126, 9036, 8624, 9097, 8748, 8670, 8630, 8660, 8946]","[-27493, -3155, 4419, -4422, -5269, -207, -391, -2112, -591, -936, -894, -285, -424, -142, -915, -878, -774, -538, -573, -463, 1, -179, -857, -569, -1003, -115, -511, -485, -260, 46, -154, 410, 534, -1061, -726, 1370, 461, 334, -203, -559]","[4462, -4682, 3224, 1445, -2934, -1379, -561, -950, -1098, -1134, -1040, -1300, -1608, -1843, -1871, -1707, -1993, -2124, -2184, -2238, -2202, -2932, -2572, -2361, -1979, -1707, -1725, -1979, -2076, -1968, -2005, -2107, -2043, -2253, -2556, -2020, -2186, -2282, -2135, -2186]","[-25782, 21273, -8541, -2894, -1433, 1502, -1584, -189, 79, -72, 692, 750, 632, 148, -410, -210, -274, -531, -216, 171, 230, -763, -1768, -2417, -1635, -221, 406, 1063, 849, 661, 458, 536, -297, -594, 305, 307, 55, 339, -200, 197]","[2323, -3297, 1810, -3808, -1099, -1413, -1667, -1636, -1559, -1646, -1719, -1753, -1698, -1416, -1299, -1284, -1195, -1085, -951, -892, -772, -394, 33, 397, 184, 109, -186, -201, -310, -317, -225, -131, -74, -119, -172, -66, -115, 6, -20, -127]","[4985, 1550, -1048, -1737, -1374, -1803, -1726, -1919, -1725, -1747, -1503, -1380, -1211, -1034, -874, -811, -921, -828, -887, -737, -566, -405, -301, -377, -409, -433, -556, -646, -781, -787, -755, -689, -679, -896, -753, -507, -315, -176, -292, -343]"
"[24493, 8504, 9824, 7039, 7735, 7727, 7605, 9101, 9142, 8675, 9357, 8735, 9085, 8735, 8743, 8767, 8682, 8685, 8641, 8715, 8752, 8974, 8766, 8754, 8799, 8588, 8877, 8722, 8712, 8747, 8533, 8772, 8975, 8672, 8663, 8598, 8789, 9010, 8942, 8498]","[-25580, 1657, 1866, -6146, -2708, 1037, 158, -2585, -1166, -2139, -1228, -64, -1243, -1140, -920, -106, -1579, -1211, -497, -1069, -369, -65, -864, -523, -304, -211, -88, -410, -324, -157, -428, 46, -203, -356, 142, -308, -396, -503, -2, -140]","[11001, -2933, 3086, 344, -3843, -1823, -2142, -1098, -1673, -1923, -1924, -1602, -2045, -2354, -2772, -1783, -1476, -1800, -2066, -2549, -2111, -1872, -1896, -2087, -2351, -2355, -2206, -2223, -2543, -2972, -2331, -2406, -2061, -2308, -2457, -2416, -2326, -2490, -2457, -2746]","[-25646, 22924, -13547, -2115, 1427, -1634, -3996, -2137, -389, -769, -55, -754, -533, -81, -1030, -1297, -833, 818, 568, -145, 550, 195, -73, -9, -680, -530, -742, -403, -375, -349, -766, -573, -939, -117, 87, -473, -299, -786, -416, -415]","[2502, -2579, -1475, -3915, -1720, -1676, -1548, -1346, -1100, -1380, -1358, -1013, -899, -799, -417, -276, -446, -536, -742, -482, -391, -409, -501, -617, -549, -442, -443, -450, -457, -270, -67, -146, -237, -234, -287, -262, -141, -205, -129, -100]","[4363, -1076, -2925, -3311, -2709, -2349, -1717, -1794, -1586, -1693, -1427, -1331, -1299, -1267, -886, -727, -846, -1077, -1132, -938, -800, -732, -785, -810, -757, -639, -586, -584, -523, -347, -214, -212, -257, -232, -226, -230, -268, -428, -319, -294]"
"[23872, 7056, 11970, 6544, 9271, 7380, 8748, 9055, 9029, 8623, 8978, 8756, 9152, 9056, 8996, 8795, 8906, 8928, 8785, 8770, 8882, 8660, 8825, 8816, 8654, 8654, 8592, 8739, 8782, 8569, 8969, 8840, 8719, 8764, 8742, 8968, 8789, 8734, 8719, 8853]","[-29987, -2667, 3558, -1152, -5339, 2472, -1192, -2018, -852, -528, -1598, -1225, -124, -203, -737, -1152, -128, -686, -1141, -274, -432, -542, -948, -533, -165, -366, -525, -693, -728, -461, 748, 238, -637, -1099, -640, 897, -417, -577, -360, 59]","[11627, -1542, 3855, 316, -3690, -1715, -1409, -593, -817, -1436, -1826, -1598, -1774, -1897, -2009, -2129, -2246, -2079, -2112, -2286, -2204, -1629, -1888, -2361, -2537, -2150, -1784, -2005, -2414, -2496, -2144, -1913, -1987, -2161, -2610, -2019, -1932, -1929, -2117, -2172]","[-32768, 30473, -10283, 8837, -1663, -110, -5171, -1979, 796, -532, -571, 273, 415, -488, -1135, -958, -1072, -2160, -1562, -1281, -1372, -1069, -990, -597, -917, -1130, -894, -466, 49, 792, 398, -828, -738, -231, 709, -33, -735, 156, 130, 313]","[6249, -696, -233, -3665, -2040, -919, -1575, -1375, -1399, -1501, -1443, -1431, -1301, -1072, -988, -783, -566, -537, -513, -436, -240, -169, -252, -187, -79, -11, -89, -242, -208, -93, 5, 56, 42, -108, -66, -37, -73, -95, -189, -179]","[6310, 64, -2466, -3842, -2806, -1570, -2056, -1732, -1724, -1499, -1294, -1284, -1202, -1061, -887, -841, -631, -631, -624, -477, -292, -350, -564, -542, -489, -453, -600, -738, -612, -432, -302, -191, -298, -411, -350, -264, -241, -297, -373, -324]"
"[15102, 8810, 9616, 7426, 9024, 8030, 8378, 9455, 8736, 8852, 8960, 8673, 8987, 9063, 8776, 8896, 8620, 8918, 8729, 8837, 8829, 8792, 8690, 8880, 8730, 8774, 8646, 8657, 8904, 8804, 8644, 8715, 8444, 8824, 8981, 8740, 8556, 8856, 9070, 8569]","[-23553, 1688, 8217, -3557, -6124, -897, -639, -681, -831, -1995, -1487, -1086, -587, -477, -1355, -933, -948, -661, -622, -446, -184, -719, -643, -456, -706, -219, -946, -759, 450, -51, -907, -780, -868, -5, 901, -1544, -78, 1061, 449, -251]","[4871, -5840, 2973, -109, -3150, -1175, -1300, -1558, -1323, -1361, -1096, -1468, -1799, -1594, -1613, -1771, -1896, -1952, -2104, -2195, -2094, -2043, -2224, -2311, -2525, -2282, -2026, -2020, -2017, -2048, -2214, -2362, -2907, -2200, -1425, -1553, -2726, -2262, -1726, -1916]","[-16508, 22671, -8622, -3234, -960, 1569, -317, -966, -1577, -1317, -42, -32, -604, -1691, -1690, -1352, -1488, -1492, -1189, -855, -1118, -1231, -1049, -1172, -1136, -1237, -838, 521, 171, -680, -989, -183, 382, 937, -59, 1020, 3233, 1096, -131, 571]","[2638, -3318, 1131, -1532, -1340, -827, -1606, -1206, -955, -1027, -1120, -1227, -1094, -935, -924, -1029, -903, -936, -790, -605, -442, -377, -379, -290, -188, -130, -153, -229, -135, -152, 10, 10, 150, 239, -106, -285, -184, -342, -368, -512]","[5093, -2226, -1291, -1724, -1922, -1740, -1923, -1524, -1245, -1200, -1322, -1368, -1224, -1089, -1095, -1151, -1088, -1048, -974, -888, -734, -699, -657, -618, -604, -463, -544, -588, -544, -459, -448, -575, -623, -604, -523, -812, -927, -876, -740, -829]"
"[27056, 8624, 9108, 6415, 8960, 7407, 8904, 9605, 8922, 8664, 8841, 9004, 8949, 9109, 8835, 8841, 8756, 9007, 8815, 8752, 8746, 8909, 8865, 8842, 8883, 8742, 8808, 8828, 8719, 8761, 8803, 8783, 8748, 8691, 8793, 8814, 8729, 8686, 8895, 8828]","[-29024, 3381, 3823, -5946, -7042, 4074, 956, -3558, -2293, -86, -712, -429, -1002, -797, -723, -287, -632, -797, -543, -156, -303, -716, -337, 298, -164, -195, 128, 105, 460, 324, 129, 264, 423, 287, 275, 569, 372, 388, 243, 553]","[9151, -49, 5064, 186, -6233, -2298, -1546, 191, -343, -1727, -2081, -1367, -1131, -1950, -1711, -1708, -1499, -1573, -1763, -1928, -2149, -1811, -1963, -1766, -1834, -1779, -1855, -1927, -1813, -2153, -2165, -1863, -1817, -2168, -2309, -2075, -2031, -2138, -2327, -2110]","[-32768, 32577, -17134, 3249, 2524, 3150, -5900, -5347, 2574, 1893, 153, 2, 571, 847, 781, 50, -653, -747, -587, -146, -851, -436, 249, -326, -642, -152, 171, 105, 132, 33, -40, 127, 232, 297, 381, 311, 140, 211, 154, 56]","[5840, -2271, 852, -3982, -2047, -685, -1304, -1115, -1500, -1597, -1371, -1138, -1271, -894, -842, -744, -733, -744, -716, -741, -351, -363, -285, -244, -326, -337, -521, -485, -509, -515, -368, -394, -479, -538, -431, -417, -408, -445, -615, -461]","[5207, -828, -1407, -3969, -3101, -1318, -1980, -1913, -1875, -1956, -1489, -1345, -1324, -1154, -1064, -989, -1036, -1152, -1099, -1062, -1027, -985, -983, -927, -987, -1004, -1049, -955, -868, -799, -691, -686, -651, -647, -570, -498, -475, -474, -462, -336]"
"[18987, 9057, 11936, 7288, 9495, 7388, 8594, 8442, 8653, 9055, 8960, 8710, 8775, 8923, 8619, 8602, 8737, 8863, 8584, 8587, 8834, 8921, 8828, 8881, 8836, 8691, 8959, 8857, 8585, 8665, 8750, 8538, 8715, 8746, 8848, 8860, 8798, 8871, 8700, 8679]","[-26620, -7946, 5647, 1338, -5995, -933, -1526, -1471, -818, -483, -2169, -2528, -1413, -380, -557, -2261, -1275, -651, -411, -454, -735, -72, -281, -923, 16, -743, -234, 336, -106, 204, -40, -1, -244, 19, -27, 177, -21, 219, 366, 217]","[2409, -7190, 2379, -2357, -1829, -1780, -1387, -2237, -1882, -1227, -788, -1115, -1839, -2483, -2354, -1624, -1205, -1616, -1876, -1733, -1779, -1950, -2286, -2717, -2660, -2465, -2323, -2577, -2420, -2270, -2325, -2278, -2417, -2218, -2200, -2382, -2327, -2036, -2020, -2225]","[-17577, 27244, -814, -1465, -6619, 736, -893, 609, 798, -534, -201, 1946, 2897, 495, -2119, -3853, -934, -1456, -763, -251, 376, 887, 716, -176, -532, -1331, -474, -1038, -925, -554, -518, -312, -423, -728, -899, -857, -792, -562, -890, -991]","[4835, -1478, 1728, -1721, -1521, -297, -1458, -827, -516, -510, -628, -1053, -1290, -754, -450, -263, -514, -556, -721, -860, -961, -1084, -1195, -642, -556, -433, -265, -132, -88, -67, -123, -150, -194, -185, -213, -87, -167, -164, -155, -86]","[5124, 266, -2676, -2151, -2474, -1735, -2361, -1603, -1411, -995, -1137, -1409, -1657, -1457, -1245, -1244, -1341, -1456, -1347, -1368, -1288, -1203, -1220, -1162, -1084, -1008, -1032, -913, -689, -618, -508, -499, -569, -548, -639, -647, -682, -698, -691, -732]"
"[18459, 13038, 12504, 5854, 9813, 6359, 8986, 9246, 9108, 8617, 8924, 8924, 8863, 8904, 9154, 8957, 8921, 8742, 8608, 8837, 8881, 8913, 8725, 8780, 8858, 8881, 8820, 8831, 8823, 8886, 8807, 8745, 8825, 9021, 8708, 8837, 8627, 8671, 8861, 8728]","[-28457, 4287, 11089, -2610, -13666, 1337, 3248, -1541, -3436, -1215, -583, -956, -833, 372, 1038, -78, -377, -1154, -1373, -684, -365, -258, -483, -677, 47, 217, -552, -221, 112, -180, -447, 121, 196, 509, -245, 97, 57, 278, -89, 248]","[9584, -9298, 6077, 4967, -7048, -3139, -974, -564, 213, -762, -1308, -1985, -2179, -1849, -1463, -1691, -1322, -1498, -1772, -1809, -1624, -1734, -1819, -2099, -2053, -2082, -1889, -2000, -2043, -1924, -1914, -2073, -2124, -1898, -1843, -2179, -2597, -2619, -2339, -2059]","[-32768, 32767, -16867, -3946, 3018, 9228, -3630, -7905, -1400, 2256, 1785, 714, 901, 1429, 115, -807, -1033, -774, -45, 329, 467, 581, 407, 409, 343, -152, 369, 1013, 293, 312, 538, 509, -252, -571, -504, 307, 104, -144, -854, -239]","[5037, -2482, -420, -822, -3910, -722, -1634, -1375, -1266, -1660, -1843, -1674, -1378, -1096, -774, -661, -542, -661, -792, -778, -687, -656, -685, -664, -623, -507, -404, -394, -370, -398, -419, -437, -401, -336, -364, -297, -198, -132, -88, -23]","[6712, -275, 279, -2342, -3616, -1042, -1902, -1763, -1454, -1995, -2044, -1851, -1701, -1408, -883, -487, -380, -537, -694, -781, -838, -863, -753, -692, -591, -421, -502, -484, -392, -507, -580, -626, -521, -666, -609, -676, -475, -283, -115, -100]"
"[30198, 4783, 13825, 6697, 8806, 7476, 8528, 9348, 8504, 8846, 8836, 8733, 8827, 8815, 8772, 8780, 9133, 8848, 8815, 8704, 8761, 8744, 8879, 8887, 8949, 8377, 8519, 8538, 8569, 9035, 8885, 8726, 8541, 8616, 9122, 8815, 8635, 8649, 8446, 8868]","[-30758, 2910, 1236, -4537, -4627, 2398, -2157, -3695, -298, 26, -2181, -1133, 127, -456, -877, -679, 1309, -328, -780, 370, -718, 278, -195, 445, -196, -399, -352, -291, -146, 839, -700, 304, -94, -209, 552, -592, 617, 235, 233, 894]","[19559, -648, 4801, -1274, -5731, -1428, -390, 606, -2032, -2267, -2226, -1920, -2602, -1915, -2496, -2303, -1362, -1030, -1774, -2949, -2638, -2005, -1751, -1633, -2400, -2905, -2782, -2107, -2430, -2193, -2273, -2601, -2652, -2662, -1802, -2554, -2832, -2739, -2605, -2345]","[-32768, 32138, -17046, 5825, 2903, -2122, -5326, 881, 3708, 398, -346, 1269, 1137, 544, 147, -136, -1193, -2194, 530, 989, -42, 48, -107, 300, -116, -88, 17, 144, 1109, 130, -221, 661, -80, 201, -653, -867, 101, -631, -591, -1424]","[5786, 135, -189, -4313, -1466, -902, -1678, -1959, -2011, -1857, -1786, -1581, -1122, -859, -539, -335, -372, -704, -898, -1127, -756, -599, -685, -923, -866, -579, -377, -323, -319, -448, -483, -282, -236, -269, -328, -329, -173, -127, -87, -70]","[5318, 1899, -2147, -4355, -2237, -1358, -2235, -2546, -2323, -2331, -1977, -2012, -1794, -1451, -1259, -1075, -913, -1080, -1192, -1090, -857, -718, -794, -725, -774, -637, -556, -522, -663, -557, -462, -342, -356, -424, -529, -402, -272, -188, -133, -263]"
"[24723, 8850, 10392, 7087, 9093, 6804, 8908, 9336, 9001, 8833, 8806, 9060, 8862, 9067, 8939, 9023, 8907, 8771, 8589, 8698, 8880, 8814, 8706, 8453, 8709, 8742, 8695, 8492, 8822, 8898, 8818, 8638, 8493, 8597, 8785, 8429, 8843, 8862, 8693, 8752]","[-25885, -316, 6459, -4731, -9223, 1826, -215, -3179, -2810, 1187, 289, -1455, 402, 585, -108, -642, -512, -262, 450, 232, 35, 657, 583, 257, 145, 873, 907, 619, -345, 609, 619, 727, 694, 585, 1358, 254, -324, -215, 1280, 404]","[6739, -1586, 3763, 3027, -7057, -2366, -1387, -695, -1127, -932, -1761, -1233, -1633, -1941, -1729, -1554, -1530, -2074, -2150, -1766, -1863, -1723, -1805, -2273, -2852, -2502, -2088, -2107, -2657, -2623, -2300, -2026, -2015, -2737, -2147, -2881, -3143, -3355, -2612, -2227]","[-21514, 32293, -8828, 282, -1198, 2843, -5612, -5710, 1711, 2753, -634, 669, 1717, 279, -211, -563, -417, 8, 128, 51, -3, -133, -428, -276, -133, -236, -214, -92, 164, 379, 467, 789, 692, 1040, 1093, 398, 392, -390, -113, -332]","[3923, -1506, 603, -1758, -2304, -488, -1423, -1007, -721, -981, -1265, -1169, -971, -1049, -892, -1034, -1107, -1039, -913, -878, -898, -853, -821, -769, -708, -604, -480, -309, -439, -468, -442, -421, -648, -770, -989, -778, -790, -143, -13, -155]","[3442, 1537, -1503, -3064, -2985, -1722, -2363, -2246, -2150, -2475, -1963, -2080, -1824, -1665, -1420, -1364, -1401, -1474, -1309, -1281, -1184, -1104, -1077, -1064, -982, -776, -612, -544, -602, -517, -474, -482, -587, -445, -232, -234, -170, -149, 12, -26]"
"[24703, 11659, 10351, 7837, 7316, 6874, 8127, 10262, 8599, 8545, 8770, 9018, 8846, 9104, 8859, 8917, 8556, 8474, 8665, 8599, 8831, 8406, 8710, 8347, 9506, 8633, 8634, 8434, 8163, 8265, 9562, 9892, 8804, 8810, 8555, 8724, 8492, 8698, 8531, 8471]","[-26694, 16564, 5282, -10628, -5532, 6121, 719, -6287, -2121, 1191, -1870, -1111, 283, -722, -955, 488, -368, -1034, -537, 425, -487, -1464, -974, -928, 2520, -690, -729, -886, -1879, 107, 3956, 1576, -1729, 982, 344, -167, -304, 351, 245, -729]","[9121, -1605, 4142, 707, -8449, -3661, -1398, 747, -1337, -2704, -2724, -1818, -2151, -2069, -2421, -2113, -1972, -2427, -2757, -2093, -1966, -2535, -1823, -3188, -1245, -1982, -3073, -2014, -2289, -2670, -1423, -450, -2457, -2930, -2663, -2160, -2552, -2580, -2387, -2531]","[-15993, 29839, -20631, -783, 10465, 1609, -9326, -3560, 4149, 952, -1259, 384, 41, -1004, -851, -706, -1415, -1028, -855, -761, -1076, 227, 909, 2142, -90, -1478, -501, -1402, 2612, 4688, 456, -1981, 536, 1364, -1440, -1335, -1106, -565, -796, 158]","[2078, -3747, -120, -4969, -995, -655, -1088, -1763, -1172, -1381, -1361, -950, -822, -753, -558, -271, -99, -168, -99, -35, -61, -181, -79, -144, -249, -457, 19, 187, -243, -311, 38, -476, -608, -506, -460, -258, -293, -124, -80, 46]","[1558, -2243, -1895, -4483, -3038, -1454, -1524, -1933, -1992, -2141, -1722, -1692, -1706, -1690, -1267, -925, -883, -969, -823, -562, -511, -651, -711, -1007, -720, -758, -608, -697, -952, -959, -401, -388, -555, -390, -332, -275, -314, -174, -81, -118]"
"[17996, 12905, 7022, 8427, 7368, 7257, 8063, 9343, 8801, 8575, 8892, 9052, 9139, 8747, 9164, 8684, 8801, 8723, 8583, 8646, 8823, 8662, 8390, 8487, 9338, 8906, 8731, 8608, 8691, 8856, 8766, 8829, 8775, 8751, 8773, 8873, 8905, 8543, 8457, 8437]","[-20685, 5952, 5518, -11715, -3350, 3325, -847, -4091, -1074, 626, -1058, -2053, -924, 609, 1289, -232, -856, -787, -1161, -744, -1143, -1100, -1984, -336, 2515, 168, -1214, 162, 102, 94, -8, -204, 497, 78, 360, 503, 793, -19, -527, 53]","[-567, 6108, -2598, 400, -5334, -2313, -2325, -1064, -2075, -3014, -2110, -1590, -1871, -2936, -2862, -2175, -1972, -2076, -2529, -2270, -2322, -2308, -3081, -2437, -1251, -1466, -2440, -2618, -2279, -1940, -2086, -2208, -2160, -2315, -2350, -2339, -2034, -2375, -3431, -3630]","[-1149, 2936, -10879, -4449, 4613, -1668, -8098, -3742, 1252, -545, -2180, -1184, 360, -182, -1646, -2454, -1727, -1979, -1658, -1525, -1301, -779, -152, 1817, -358, -2154, -448, -173, -1099, -1159, -1615, -885, -995, -1375, -1126, -1623, -1878, -2166, -1005, -888]","[-1486, 1057, -324, -4958, -1553, -1656, -1518, -1404, -958, -857, -604, -938, -788, -496, 31, 202, 148, 126, 21, 8, -86, -103, -180, -203, -116, -262, -204, -205, -268, -240, -203, -172, -187, -90, 8, 139, 196, 234, 384, 507]","[1561, -2144, -1246, -3703, -3518, -2243, -1818, -1845, -2011, -1822, -1496, -1718, -1713, -1205, -602, -315, -258, -232, -272, -393, -618, -711, -843, -885, -671, -583, -520, -524, -520, -501, -491, -488, -473, -482, -435, -328, -251, -298, -384, -428]"
"[23337, 1912, 13490, 9257, 6760, 8842, 10504, 8333, 7989, 8721, 9910, 9029, 8672, 8761, 9051, 9008, 8788, 8743, 8853, 9020, 8893, 8748, 8635, 8889, 8931, 8714, 8784, 8880, 8921, 8851, 8750, 8807, 8835, 8787, 8699, 8642, 8756, 8680, 8667, 8678]","[9238, 2542, -14806, 1001, 8488, -786, -6901, -925, 4318, 1059, -2758, -899, 1108, 1570, 860, -64, -542, -451, 176, 614, 1134, 748, 183, -304, 347, 504, 250, 528, 341, 514, 353, 492, 472, 560, 650, 458, 612, 1056, 1196, 635]","[25147, 6821, -3431, -10298, -5043, 120, 3180, -470, -4193, -2233, 612, -213, -2494, -2697, -1761, -1375, -1639, -1579, -1671, -2149, -2110, -2018, -1792, -1638, -1818, -1907, -2104, -2012, -1762, -1579, -1681, -1827, -1900, -1817, -1758, -1869, -2105, -2171, -1910, -1857]","[-11999, 15482, 7496, 13376, -2102, -14015, -3701, 7167, 2865, -2860, -1299, 3312, 2906, 511, -464, -24, -287, -450, -4, 307, 229, -144, -617, -517, 17, -202, -286, -621, -1266, -970, -549, -372, -849, -888, -776, -399, 181, 303, 118, 422]","[6824, -596, -2989, -1129, -1075, -1723, -1823, -1646, -1587, -1337, -1418, -1449, -1514, -1249, -923, -734, -781, -830, -842, -697, -512, -357, -248, -348, -306, -266, -235, -165, -18, -52, -128, -250, -252, -291, -417, -437, -419, -394, -376, -402]","[390, 2385, -4049, -99, 1100, -427, -955, -1757, -1114, -187, -599, -1199, -1214, -636, -246, -143, -306, -549, -735, -603, -337, -143, -118, -276, -344, -318, -327, -274, -195, -172, -224, -255, -251, -242, -236, -272, -266, -97, 87, 157]"
"[11384, 10980, 6477, 6811, 7989, 7167, 7751, 8060, 7842, 8693, 10352, 7539, 10353, 12186, 13693, 6209, 11752, 7595, 8630, 8746, 8602, 8868, 8968, 8730, 8562, 8641, 8987, 8887, 8901, 9050, 8697, 8655, 8895, 8822, 8618, 8851, 9032, 8993, 8870, 9107]","[23326, 8457, -1518, -6143, -1452, 1769, 2132, 2119, 3065, 4282, 8116, 5767, 6330, 989, -12913, -2372, -1653, -1637, 882, -925, -2665, -2797, -730, 499, -106, -1621, -2166, -771, -1220, -2369, -1971, -1489, -1343, -1507, -1588, -822, -761, -1008, -816, -927]","[-13495, -3146, 78, 1598, -831, -622, -1411, -2174, -1030, -2141, 281, -350, -496, 1459, 11031, -393, -17, -1794, -3047, -1995, -571, 796, 608, -579, -1888, -2008, -1101, -41, 273, -115, -730, -1076, -904, -457, -690, -787, -613, -325, -795, -1127]","[22903, -19233, -12995, 2247, 10564, 16188, 19634, 15283, 13811, 9466, 3036, -1401, -7663, -16494, -20486, 16037, 2791, 4488, -4341, -8840, -6803, -2039, 2851, 3475, 1955, 954, 801, 603, -359, 347, 1086, 402, -15, 368, 1267, 1243, 482, 109, -147, -455]","[-5284, -7408, -1071, 77, -995, -2717, -1783, -1481, 137, 152, 233, -719, -2162, -606, 6095, -104, -1160, -966, -31, -128, -179, -427, -642, -553, -207, 94, 151, 3, -117, -379, -552, -608, -612, -628, -829, -939, -959, -989, -1310, -1310]","[-4960, -7050, -3402, -870, -2427, -2051, -1104, -675, 915, 2257, 2478, 3499, 3553, 4536, 6197, 3938, 697, 594, 1531, 1121, 1047, 726, 172, 440, 816, 1110, 1106, 832, 692, 342, -23, -202, -205, -313, -452, -407, -288, -210, -181, -167]"
"[32767, 9451, -4632, 11472, 8157, 8186, 8691, 7714, 8343, 8448, 8579, 8273, 8092, 8195, 8331, 8380, 8288, 8214, 8459, 8592, 8349, 8478, 8394, 8254, 8299, 8447, 8408, 8396, 8475, 8357, 8386, 8373, 8356, 8351, 8369, 8385, 8406, 8393, 8407, 8345]","[-1793, -12446, 6867, -372, 3340, 5265, 1597, 1434, 809, 1480, 1727, 500, 1222, 1379, 1196, 731, -837, -1149, -1819, -1473, -2541, -1787, -544, -159, 458, 359, -171, -67, -328, -78, 150, -201, -52, 140, 63, -79, -9, 101, 205, 269]","[-24208, 8625, -6631, 2581, 745, -1580, 92, 563, -195, -1233, -1108, -456, 77, -355, -249, -684, -476, -722, -1033, -701, -240, -178, -330, -421, -169, -216, -162, -367, -136, -287, -215, 48, -111, -392, -470, -389, -277, -301, -295, -314]","[16236, -14607, -7588, -2538, 4154, 960, -1281, -1322, -804, -289, -1593, -663, 347, 559, 798, 502, 1433, 1408, -967, -2171, -1725, -497, -328, -837, -1105, -1219, -890, -843, -1261, -1085, -904, -626, -203, -360, -497, -336, -139, 42, -266, -200]","[-3935, 5733, 2720, 2338, 3407, 1112, 1903, 1299, 635, 845, 895, 955, 580, 522, 423, 368, 182, 268, 495, 639, 566, 682, 514, 435, 394, 343, 338, 319, 232, 160, 116, -1, -71, -51, -55, -90, -227, -286, -283, -338]","[7768, -5332, 2407, -1573, 1339, 203, 1382, 1528, 1646, 1596, 1758, 1853, 1812, 2133, 2497, 2685, 2503, 1969, 1548, 1317, 440, -243, -674, -741, -554, -376, -274, -284, -246, -269, -273, -329, -381, -342, -364, -382, -435, -441, -402, -361]"
"[32767, 9463, -3088, 11617, 7553, 7423, 8739, 8463, 8098, 8560, 8647, 8442, 8046, 8063, 8491, 8720, 8121, 8117, 8078, 8389, 8254, 8245, 8236, 8303, 8216, 8187, 8084, 8098, 8220, 8166, 8152, 8076, 8228, 8081, 8130, 8061, 8041, 8090, 8079, 8112]","[6775, -20281, 6052, 2691, 2693, -378, 4037, 1284, -1448, -18, 726, -278, -2875, -4239, -2641, -1354, 385, -542, -236, 176, 81, -132, -519, -361, -242, -383, -235, -276, -264, -476, -496, -631, -741, -349, -115, -393, -526, -809, -878, -787]","[7693, -2277, -8330, 2482, 2381, 3135, -2772, -1010, 332, -793, -1765, -884, -338, -275, -846, -846, -443, -371, -327, -433, -868, -915, -998, -1118, -1000, -888, -1096, -1419, -1406, -1340, -1372, -1360, -1316, -1657, -1648, -1592, -1619, -1686, -1808, -1707]","[-12464, -16730, 6793, -8069, -4249, 1672, 1447, -3329, -1905, 346, -451, -2379, -1723, -1026, -1684, -857, -286, -604, -279, -659, -560, -636, -607, -269, -283, 91, 549, 584, 213, 176, 309, 451, 636, 506, 196, 62, 115, 352, 99, -56]","[5763, 2416, -1619, 4937, 3407, 338, -350, 1796, 488, 28, 229, 481, 362, 225, 191, 147, 102, -261, -467, -581, -611, -607, -640, -625, -634, -768, -837, -841, -762, -643, -622, -610, -627, -687, -606, -508, -480, -511, -498, -412]","[9925, -5359, -1403, -2493, -197, -664, 396, 1643, 1504, 1397, 1812, 2070, 1598, 439, -565, -1077, -1050, -974, -880, -636, -345, -204, -163, -158, -80, -67, -18, 24, 124, 182, 193, 132, 56, 49, 237, 334, 375, 346, 223, 219]"
"[32767, 6098, 3955, 12445, 3582, 9284, 7045, 8534, 8667, 8135, 8453, 8631, 8355, 8108, 8264, 8247, 8210, 8226, 8130, 8288, 8150, 8263, 8146, 8180, 8107, 8181, 8115, 8253, 8146, 8153, 8235, 8196, 8169, 8226, 7953, 8149, 8149, 8119, 8044, 8104]","[9057, -11817, -1531, 6956, -3569, -4069, 5304, 165, -4521, -1257, -1740, -1822, -823, -249, -475, -763, -1716, -1676, -636, 135, -1107, -753, -1025, -954, -1043, -788, -978, -1027, -1033, -1404, -1161, -1239, -1270, -1209, -858, -1002, -1237, -1202, -1459, -1594]","[10809, -21602, -3797, 771, 6509, -723, -2144, -1251, 405, -647, -1240, -582, -75, -386, -995, -946, -668, -486, -1094, -842, -654, -722, -977, -977, -1010, -1054, -953, -1160, -1059, -1208, -1375, -1289, -1189, -1069, -1337, -1426, -1415, -1291, -1440, -1286]","[-25134, 4538, -1795, -950, -11347, 6090, 1907, -5578, -1139, -152, -2906, -2755, -1410, -1094, -1054, -1535, -1416, -656, 110, -699, -886, -399, -38, 194, 311, 504, 660, 1105, 911, 991, 448, 323, 533, 921, 821, 588, 417, 215, 197, 318]","[6241, 4700, 2667, 4131, 1828, 55, 2173, 519, 629, 764, 547, 507, 416, 121, -94, -126, -85, -67, -125, -182, -296, -224, -320, -367, -429, -473, -280, -449, -461, -573, -296, -174, -369, -467, -467, -413, -312, -229, -265, -283]","[3314, -7414, -2566, -2194, -1477, -1870, -1103, -232, -234, -514, -722, -890, -889, -631, -398, -209, -286, -474, -485, -171, -29, 49, 65, 58, 25, 53, 128, 109, 179, 100, 93, 118, 17, 8, 80, 173, 282, 358, 300, 196]"
"[32085, 8119, 5501, 8546, 7360, 8701, 7375, 7849, 8059, 8126, 8392, 8375, 8390, 8374, 8341, 8201, 8248, 8167, 8325, 8268, 8098, 8199, 8081, 8019, 8057, 8001, 7932, 8067, 8252, 8176, 7951, 7895, 7985, 7900, 7947, 8034, 8126, 8051, 8083, 8016]","[6700, -5377, -7858, 636, -4954, -2092, 1765, -106, -396, 273, -499, -1949, -1725, -528, -150, -738, -1001, -786, -283, -189, -828, -695, -931, -1161, -763, -1131, -1048, -1142, -1133, -1191, -1307, -1226, -689, -913, -1097, -1257, -1327, -1547, -1445, -1515]","[-6254, -4469, -2525, -1691, 1328, -872, -1026, -428, -751, -1899, -1494, -685, -1044, -1778, -1473, -962, -1062, -1481, -1660, -1354, -1413, -1487, -1441, -1461, -1423, -1575, -1617, -1638, -1613, -1646, -1582, -1602, -1609, -1706, -1770, -1802, -1648, -1686, -1654, -1792]","[-3745, -6758, 1175, 2248, -5687, -599, -1328, -1765, -1132, -1177, -1766, -1155, -258, -703, -896, -656, -357, -189, -320, -575, -703, -456, -824, -378, -25, 111, 65, 43, 218, 164, 341, 410, 390, 274, 95, -73, -123, -96, -60, -52]","[-1271, 5040, -901, 2878, 259, 1313, 722, 383, 280, 414, 162, 5, -167, -134, -22, -112, -241, -267, -209, -108, -142, -265, -237, -102, -48, -338, -285, -265, -203, -184, -253, -411, -145, -71, -93, -129, -98, -42, -58, -105]","[532, 3968, -170, 136, -1618, -1762, -1744, -1162, -688, -217, 130, 5, -418, -462, -222, -84, -107, -132, 19, 282, 402, 448, 504, 455, 473, 370, 212, 162, 193, 206, 98, -39, 99, 210, 240, 203, 219, 148, 55, -64]"
"[32767, 1973, 7251, 9739, 6750, 8673, 7695, 8270, 8423, 8597, 8887, 8612, 8417, 8364, 8438, 8432, 8390, 8245, 8481, 8485, 8477, 8425, 8140, 8728, 8552, 8341, 8134, 8555, 8733, 8308, 8211, 8994, 8915, 8735, 8121, 8225, 8628, 7859, 7460, 7211]","[8386, -17548, -11209, 9752, -929, -6728, 1677, 2426, -75, -868, -1343, -652, -599, -1090, -124, -124, -446, -337, 405, 162, -3, 98, -569, -302, 120, 744, -374, 811, -55, 404, 26, 904, 535, 574, 532, 1191, 1830, 1806, 2270, 1776]","[8832, -6618, -369, -709, 1477, 3988, -174, 429, -563, 524, 460, 40, 503, 455, 287, 450, 638, 357, 249, 567, 587, 231, 295, 863, 734, 293, -176, 249, 604, 238, -240, 5, 268, -10, -394, -1009, -462, -342, -410, -603]","[-23701, -4907, 3147, 7173, -14252, -991, 4833, 158, -2120, -906, 561, 437, -144, 323, 860, 603, 674, 1013, 743, 805, 975, 946, 1458, 712, 1083, 1237, 1562, -366, 255, 1283, 1564, -620, -645, 356, 904, 31, -457, 451, 694, 781]","[1116, 6553, -1558, 3470, 3761, 107, 586, 915, 775, 608, 209, 383, 384, 309, 304, 142, 132, 186, 231, -81, -116, -86, -355, -430, -560, -561, -697, -474, -876, -893, -993, -782, -892, -787, -980, -798, -785, -763, -776, -1039]","[51, 3469, -4929, -2903, -2614, -2348, -3092, -1657, -996, -925, -1052, -1038, -1163, -1350, -1326, -1245, -1245, -1315, -1212, -1065, -890, -877, -1222, -1368, -1412, -1269, -1443, -1372, -1440, -1512, -1806, -1772, -1714, -1648, -1823, -1868, -1534, -1255, -1030, -977]"
"[32767, 6641, 2759, 10721, 5678, 6836, 7365, 8894, 8547, 8458, 8656, 8310, 8475, 8483, 8141, 8254, 8532, 8636, 8500, 8257, 8058, 8256, 8007, 8173, 8047, 8010, 8084, 8171, 8381, 8054, 8053, 8142, 8126, 8185, 8077, 8064, 8077, 8052, 8102, 8079]","[-10829, -3796, -5433, 1231, -687, 386, 4973, 1194, -1668, -678, -268, -1081, -274, 22, 52, -739, -3290, -2425, -933, 1, -199, -434, -912, -763, -1242, -1086, -1308, -1081, -695, -263, -662, -1271, -1178, -1173, -997, -853, -770, -1248, -952, -1512]","[9136, -14356, -3718, 4208, 3309, 2831, -1616, -1369, -611, -574, -557, -745, -630, -857, -1218, -699, -575, -922, -1227, -1250, -1145, -1246, -1361, -1082, -1090, -1387, -1564, -1283, -948, -1374, -1573, -1409, -1438, -1249, -1424, -1521, -1612, -1638, -1363, -1445]","[-25089, 2072, -1156, -4976, -5624, 2148, 2543, -1820, -1966, -685, -1695, -426, -880, -1045, -357, -1119, -503, 272, 114, -18, -402, -437, -624, -492, -435, -93, 99, -176, -106, -4, -555, -238, 19, -137, -78, -209, -247, -70, -381, -512]","[5264, 374, -541, 4488, 2039, -619, -346, 1362, 662, 97, 93, -448, -2, -226, -192, -428, -703, -502, -490, -415, -416, -350, -245, -209, -450, -436, -359, -301, -260, -234, -344, -294, -259, -333, -299, -247, -255, -258, -117, -112]","[9551, -3371, -3405, -2150, -2906, -2760, -1401, 335, 443, 290, 518, 178, 272, 605, 953, 1023, 417, -108, -380, -211, 58, 308, 412, 415, 274, 165, -48, -212, -53, 169, 291, 242, 153, 128, 104, 135, 234, 171, 231, 174]"
"[32767, 11475, 1449, 11369, 5533, 9830, 7647, 7853, 8482, 8650, 9136, 8465, 8306, 7664, 8460, 9108, 8287, 8192, 8283, 8654, 8400, 8353, 8152, 8237, 8211, 8340, 8468, 8511, 8320, 8337, 8293, 8420, 8410, 8319, 8373, 8598, 8275, 8280, 8343, 8375]","[1139, -8934, -1224, -5490, -8277, -4945, 1386, 1970, 479, -714, -334, 646, -138, 139, 275, 1504, -50, -1419, -4016, -2341, -339, 867, 101, -476, -630, -923, -836, -395, -502, -513, -906, -672, -206, -329, -617, -529, 49, -391, -391, -783]","[-4981, 1400, -10278, 4127, 2601, 46, -1384, -1729, -259, 259, -642, -1098, -785, -93, -690, -701, -615, -562, 61, -90, -1083, -802, -160, -12, -222, -288, -541, -554, -309, -76, -118, -244, -583, -446, -423, -192, -347, -315, -471, -536]","[-2417, -131, 3159, -2382, -7118, -1723, 2632, 69, -977, -894, -295, -201, -737, 603, -76, -938, -232, -3, -449, 110, 295, -400, -889, -110, 282, 526, 70, -155, -111, 34, 334, 393, 116, -79, 99, -763, -620, -162, 163, -111]","[-1318, 1058, -2865, 4062, 698, -465, 562, 470, 734, 532, 80, 229, 356, 122, 524, 508, 570, 468, 364, 23, 275, 489, 445, 360, 187, 144, -119, 150, 171, 114, 33, -33, -9, 17, -24, 148, 68, 12, -40, -11]","[2635, 4184, 612, 294, -1108, -3060, -3111, -2687, -1857, -1444, -1205, -863, -631, -709, -259, 692, 1278, 1069, 180, -720, -911, -576, -195, -59, -113, -244, -392, -231, -207, -251, -389, -425, -338, -266, -315, -136, 34, 111, 81, 26]"
"[0, 0, 0, 7472, 7653, 8170, 8280, 8388, 8779, 9354, 8282, 7942, 9313, 8733, 8188, 8270, 8841, 8527, 8347, 8589, 8891, 8550, 8349, 8307, 8434, 8323, 8312, 8056, 8342, 8443, 8487, 8181, 8553, 8491, 7991, 8603, 8423, 8692, 8500, 8435]","[0, 0, 0, 1020, 1192, -1049, -2901, -674, -815, 379, 27, -393, -1011, -186, 751, -249, -311, 356, -13, -422, 101, 870, 691, 124, 279, 953, 932, 947, 924, 929, 921, 467, 966, 1155, 922, 752, 484, 2411, 1145, 1010]","[0, 0, 0, -740, -547, 284, 337, -77, -235, 239, -861, -555, 779, 1338, 96, 191, 1118, 671, 591, 573, 1035, 682, 386, 651, 953, 739, 412, -59, 232, 404, 587, 512, 282, 235, 266, 454, -366, -689, 170, -553]","[0, 0, 0, 177, -1120, -2311, -1589, -1967, -2035, -1695, -1103, -2013, -1943, -1371, -1177, -1129, -972, -285, -152, 45, -25, 191, 325, 695, 729, 983, 1095, 1252, 748, 1091, 1466, 1510, 1460, 1893, 2104, 1561, 2182, 2273, 1677, 3415]","[0, 0, 0, 127, 208, 318, 470, 783, 571, 709, 728, 518, 808, 627, 700, 393, 555, 342, 304, 323, 75, 2, -42, -184, -364, -254, -511, -540, -469, -507, -596, -677, -901, -827, -939, -1010, -1253, -1169, -1422, -1314]","[0, 0, 0, -1132, -740, -456, -966, -1444, -1599, -1238, -1119, -1372, -1504, -1346, -1104, -1255, -1155, -1156, -1156, -1361, -1435, -1276, -1134, -1267, -1343, -1313, -1245, -1200, -1096, -1060, -1102, -1271, -1371, -1345, -1453, -1683, -1959, -1885, -1794, -1950]"
"[18824, 10707, 12442, 6297, 8777, 9542, 7939, 5043, 4007, 6134, 7664, 7500, 7917, 9222, 9330, 8068, 7742, 8006, 7740, 9244, 9314, 21184, 5824, 9140, 7589, 8723, 7930, 8022, 8445, 7167, 8224, 8728, 8067, 8737, 8209, 8607, 8411, 7942, 7927, 8749]","[20883, 147, 5668, 847, 755, 370, -642, -977, -1239, -1583, -1762, -1256, 194, 81, 2017, 2991, 784, 1231, 1236, 191, -6364, 3610, 4833, 2348, -1824, -3452, 935, -149, -1422, -778, -1030, 514, 683, 281, -927, 160, 273, 836, 390, 1553]","[20153, -12521, 3408, 6812, -2276, -2004, -1010, 2011, 2704, -1030, -3119, -2315, -2098, -2989, -3321, -3132, -2079, -3894, -2025, 1795, -7322, 4490, -12987, -1089, 6960, 2379, -1068, -1144, -605, 263, 285, 238, -179, 374, 95, 74, -200, -717, -342, 656]","[-10157, -4735, -10244, -9625, -13044, -15358, -7848, -5429, -1587, 194, 3193, 5050, 4408, 2383, -794, -4213, -7802, -7046, -6780, -2988, 3908, -3493, -5807, -3481, -9835, -1916, 584, -1645, -906, 69, -379, 52, -307, -173, 823, 266, 173, 490, -136, -748]","[4089, -5897, 827, 4489, -411, -907, 3053, 5075, 4439, 4109, 5481, 6774, 5550, 3900, 2862, 1236, 846, 1589, 1795, 1157, -3407, 6012, 698, 1537, 1550, 1267, 875, 545, 593, 432, 713, 819, 728, 713, 269, 213, 220, 212, 216, 45]","[3345, -22131, -12545, -5472, -8578, -7718, -6402, -2360, 1647, 4816, 6893, 9929, 12146, 13029, 13953, 14257, 13091, 11434, 7555, -553, -7041, 660, -7142, -2736, -1180, -2394, -2533, -2012, -2203, -2622, -2678, -2192, -1748, -1549, -1873, -1808, -1724, -1677, -1832, -1338]"
"[8647, 8161, 7828, 6066, 8068, 7636, 8680, 8655, 8472, 8462, 8520, 8586, 8409, 8280, 8403, 8491, 8418, 8321, 8298, 8529, 8568, 8407, 8401, 8392, 8611, 8443, 8466, 8285, 8597, 8477, 8472, 8274, 8276, 8929, 8498, 8228, 8137, 8253, 8554, 8446]","[-26493, -3157, 7506, -2571, -8096, 1210, 3555, -595, -420, 30, -1679, -1572, -1131, -931, -1086, -914, -766, -729, -506, -1206, 62, 92, -338, -721, -652, -278, -203, -787, -419, 60, 259, -189, -634, 465, 511, 683, 303, 135, 240, 631]","[-17159, -1340, -1179, 3756, 5231, -1270, -528, 799, 1482, 705, 398, 830, 926, 748, 586, 576, 487, 503, 628, 516, 371, 282, 456, 664, 512, 210, 180, 392, 271, 27, 136, 355, -49, -47, -23, -126, -152, -387, -378, -524]","[-4920, 5821, 2019, -13394, 1072, 6985, 853, -1450, 673, 570, -194, -253, -182, 378, 766, 820, 487, 703, 771, 926, 570, 357, 468, 637, 48, 39, 81, 421, 451, -412, -472, 270, 645, -267, -543, -129, -15, 196, -224, -407]","[-3251, 3999, -649, 1091, -812, -1405, 55, -127, -362, -362, -377, -235, -349, -520, -582, -469, -413, -394, -389, -392, -551, -484, -459, -613, -422, -605, -606, -726, -523, -493, -501, -558, -908, -737, -768, -755, -752, -804, -668, -418]","[-9353, -4922, -2611, -2743, -3159, -3937, -2441, -1759, -1112, -742, -827, -801, -935, -1017, -1103, -1127, -1057, -1056, -1108, -1263, -1064, -773, -633, -773, -719, -730, -714, -871, -1052, -1021, -874, -905, -1258, -795, -649, -458, -353, -349, -253, -65]"
"[32767, 2498, 7230, 8460, 6823, 8111, 7989, 8399, 8353, 8483, 8303, 8624, 8639, 8666, 8576, 8253, 8515, 8379, 8461, 8360, 8150, 8268, 8370, 8141, 7901, 8251, 8433, 8371, 8148, 8298, 8995, 8555, 8291, 8541, 8779, 8614, 8410, 8258, 8535, 8451]","[13482, -16320, -7433, 7499, -387, -7350, -324, 1617, -3779, -2624, 23, -513, -455, -1047, -573, -838, -315, -62, -261, -591, -288, -198, 753, 1156, 931, 1148, 1203, 481, 40, -576, 180, 1104, 806, -178, 274, 296, 489, 546, 602, 673]","[15440, -13903, -4296, -1011, 3778, 2901, -2291, -2921, 472, 925, 85, -627, 217, -101, -24, 298, 576, 155, 208, -19, -52, -15, 361, 448, 421, -8, 308, 78, 200, 429, 966, 561, 924, 792, 513, 344, 669, 601, 489, 607]","[-22433, -9608, 9931, -289, -13629, -1928, 4481, -2159, -7258, -2054, -1607, -2240, -2277, -1966, -1954, -1921, -1411, -1223, -903, -937, -728, -592, -1042, -993, -565, -686, -1046, -982, -1339, -1005, -922, 36, -669, -632, -677, -124, -241, -298, -43, -230]","[4666, 1656, 66, 2050, 2277, 136, 1024, 1870, 1544, 1436, 1154, 1103, 1112, 844, 887, 864, 929, 824, 737, 663, 623, 655, 806, 655, 408, 601, 666, 581, 265, 326, 561, 264, 212, 2, -88, -138, -117, -139, -227, -326]","[3683, -6354, -4788, -2726, -1610, -1456, -2493, -1436, -1645, -2281, -2281, -2002, -1593, -1598, -1642, -1703, -1500, -1325, -1149, -1233, -1527, -1697, -1613, -1391, -1180, -971, -497, -296, -426, -941, -681, -608, -273, -404, -360, -449, -456, -509, -478, -426]"
"[32767, -888, 11259, 7505, 6248, 9064, 6825, 9143, 8211, 8386, 8306, 8259, 8346, 8749, 8361, 8496, 8312, 8466, 9049, 8342, 8277, 8303, 8686, 8500, 8345, 8378, 8257, 8738, 8532, 8430, 8275, 8408, 8593, 8584, 8366, 8407, 8441, 8562, 8501, 8545]","[-11074, -16854, -4995, 5392, -1393, -4850, 2686, -1348, -1651, -738, -1385, -966, -645, 784, 659, -306, -1176, -1772, -1143, -657, -380, -1137, -2000, -162, 25, -61, -526, -606, 586, -65, -384, -550, -937, -71, 176, 112, -334, -549, -73, -12]","[10999, -19202, 32, -2970, 4561, 31, -256, -906, -19, -306, -59, 41, -37, 848, 347, -15, -112, 122, 776, 380, 164, 374, 166, 239, 486, 507, 445, 14, 174, 458, 517, 201, 426, 357, 384, 354, 436, 282, 101, 335]","[-29361, 13229, 8553, 2518, -12244, 551, 1173, -2750, -998, -743, -899, 406, -103, -83, -374, 304, 509, 732, -561, -568, 63, 693, 641, 360, -175, 322, 748, -407, -1218, -863, -162, 78, 196, -141, -383, -238, -211, 403, 363, -384]","[-522, 5540, 3158, 406, 1153, 1464, 1917, 807, 1146, 974, 657, 609, 742, 1009, 686, 436, 140, 361, 660, 402, 371, 75, 66, 578, 404, 287, 93, 289, 376, 308, 226, 126, 192, 362, 251, 168, 112, -23, 95, 263]","[14128, -3129, -3454, -3605, -3163, -2388, -2071, -2058, -1585, -1701, -1861, -1958, -2032, -1319, -690, -208, -383, -773, -646, -658, -606, -910, -1376, -999, -834, -736, -783, -791, -422, -275, -263, -416, -618, -580, -466, -355, -403, -541, -604, -553]"
"[29917, 1435, 6060, 8621, 7685, 8046, 7494, 8624, 8580, 8984, 8632, 8082, 8220, 8527, 8483, 8441, 8473, 9062, 8183, 8622, 8468, 8669, 8234, 8112, 8359, 8052, 8451, 8550, 8378, 8416, 8486, 8372, 8492, 8303, 8514, 8657, 8506, 8585, 8474, 8435]","[4457, -8443, -3966, -1015, -7324, -5213, 3363, 4888, -197, -2207, -2285, -873, -557, -1488, -1486, 55, -704, -1891, -1207, -1088, -147, -195, -805, -838, -460, -450, -327, 232, 298, -509, -191, -600, -395, -752, -530, -363, 46, -1, 825, 97]","[12840, -19257, 2947, 2115, 4154, 1662, -1849, -2383, -360, 441, 178, -344, 179, 1176, -19, -999, -508, 376, -75, -1188, -731, 481, 734, 91, 137, -112, 222, 245, 180, 186, 261, 614, 734, 343, 203, 317, 154, 66, 477, 514]","[-22783, 5152, -5385, -5431, -5234, 9173, 8374, -180, -3466, -1270, 958, 723, -712, -624, 1176, 403, -1583, -1661, 564, 995, 385, 319, 707, 437, 219, 392, 568, -826, -891, -41, 1157, 860, 98, 8, 99, 207, 617, 500, -573, -786]","[8069, 2396, 1694, 3880, 1779, -189, 552, 850, 790, 251, 369, 425, 589, 414, 294, 478, 569, 1320, 546, 897, 591, 533, 630, 645, 611, 429, 490, 756, 623, 501, 435, 268, 325, 120, 44, -30, 42, 228, 458, 210]","[7700, -2248, -788, -524, -2163, -4215, -3467, -1714, -258, -339, -691, -864, -614, -534, -736, -636, -408, -273, -566, -621, -659, -464, -491, -609, -807, -1134, -1200, -744, -498, -409, -634, -859, -802, -870, -990, -1080, -1046, -978, -543, -541]"
"[32767, 2465, 6350, 10782, 5280, 9001, 6618, 8391, 8453, 8185, 8451, 8583, 8539, 8216, 8634, 8357, 8382, 8102, 7977, 8445, 8737, 8378, 8303, 8286, 8926, 8284, 8286, 8346, 8337, 8499, 8257, 8370, 8235, 8349, 8937, 8170, 8512, 8301, 8360, 8390]","[-11361, -8325, -6576, 11345, -6764, -6006, 2853, -1638, -3592, -528, -356, -865, -866, -1389, -1378, -825, -966, -1293, -625, -1786, 62, 260, -483, -2237, -644, -620, -922, -718, -1639, -66, 137, -274, -895, -1619, -319, 163, 25, -702, -1035, -1306]","[15898, -23078, 2135, -6987, 7023, -1459, -1750, -1217, 317, -189, -698, -597, -130, -23, 46, -49, -112, -354, -3, 55, 255, -173, 203, -288, -133, 74, -28, 282, 231, -323, -251, 467, 579, 474, -14, -374, 178, 542, 582, 328]","[-27776, 18731, 3871, -1360, -13705, 3933, 3487, -3831, -401, 879, -1515, -1510, -792, -561, -839, -808, -280, 124, 94, 548, 245, 237, 465, 1030, -832, -1376, -397, -582, 98, -280, -957, -662, 472, 1945, -1, -865, -430, -223, 1105, 2180]","[2828, 4849, 1144, 2256, 147, 1010, 1535, 423, 783, 981, 965, 913, 815, 614, 794, 794, 631, 502, 173, 330, 745, 454, 218, 58, 737, 672, 490, 367, 133, 586, 590, 496, 291, -45, 371, 399, 483, 391, 127, -30]","[9959, -3956, -2840, -1181, -2945, -1708, -2101, -1827, -2046, -2135, -1634, -1248, -1001, -1034, -1051, -878, -811, -955, -1094, -1405, -838, -506, -355, -828, -300, -285, -386, -568, -850, -583, -399, -252, -360, -908, -501, -408, -201, -175, -534, -1085]"
"[32767, -1574, 11165, 7593, 6253, 8782, 7328, 8143, 8496, 8656, 8575, 8395, 8346, 8543, 8318, 8260, 8272, 8329, 8182, 8353, 8931, 8445, 8097, 8550, 8123, 8246, 8430, 8213, 8370, 8354, 8666, 8578, 8392, 8712, 8252, 8498, 8579, 8191, 8414, 8395]","[-9553, -13940, -583, 2733, 1551, -6876, 696, 924, -1040, -1130, -2483, -1983, -1725, -1508, -1519, -1269, -750, -1091, -413, -512, -3022, -556, 147, -891, -1920, -645, 671, -136, 886, -438, -1638, -347, -1049, -1689, -279, -645, -250, -198, 204, -653]","[10943, -16679, -4763, 2101, 3283, 3009, 201, -1836, -1700, -602, 224, -162, -503, -152, 443, -13, -632, -172, -54, 252, 334, -1117, -961, 414, 65, -348, 943, 880, -14, 69, 100, 464, 103, -447, -423, 87, 614, -95, -382, -216]","[-31628, 8617, 8782, -490, -7949, -1717, 4699, 440, -1557, -2023, -1391, -608, -894, -691, -179, 953, 464, -446, -2415, -4364, -3300, -272, -1952, -1899, 348, 1571, 236, 192, 675, 21, -590, -1934, -2914, -1504, -109, -692, -742, 71, 355, 309]","[2520, 4786, -39, -613, 1084, -784, 990, 109, 609, 380, 453, 403, 485, 252, 136, 90, 372, 647, 907, 1422, 845, 982, 740, 662, 311, 134, 449, 408, 344, 223, 179, 648, 653, 409, 464, 306, 580, 472, 438, 283]","[14303, -6012, -4341, -4567, -2262, -3341, -2295, -1852, -1069, -870, -896, -1133, -1221, -1467, -1520, -1542, -1294, -963, -533, -98, -320, -706, -690, -667, -1212, -1640, -1288, -881, -461, -259, -458, -46, -77, -525, -772, -1005, -778, -771, -795, -978]"
"[-3517, 10150, 8933, 6476, 7755, 8200, 7952, 8780, 8349, 8496, 8335, 8423, 8391, 8378, 8259, 8263, 8490, 8466, 8153, 8511, 8205, 8352, 8238, 8293, 8316, 8489, 8358, 8358, 8411, 8432, 8332, 8435, 8386, 8377, 8450, 8448, 8353, 8407, 8386, 8516]","[-12350, -7187, -2680, 1890, -3859, 1040, 921, -1536, -1589, -396, -1319, -1787, -1965, -1749, -1099, -1221, -1004, -873, -1625, -954, -928, -763, -901, -790, -983, -1112, -446, -429, -691, -347, -165, -439, -686, -567, -719, -556, -423, -453, -429, -68]","[-22049, 3020, -361, 564, 2060, -630, -1362, -1370, -1332, -619, -548, 301, 331, -185, -587, -627, -709, 385, -452, -384, -754, -451, -138, -47, -73, 15, -282, 5, 7, -154, -417, -294, -77, -96, -257, -354, -213, -16, 25, 36]","[10378, -35, -1031, -3758, -690, 3107, -641, -1515, -1118, -1854, -2591, -1831, -503, 1094, 937, 221, -386, -1404, -1779, -1183, -1342, -883, -631, -192, 389, 1080, 1061, 443, 814, 644, 164, -583, -512, -641, -729, -369, -602, -1001, -601, -685]","[4018, -54, 521, 1885, -66, 1050, 197, 722, 849, 1148, 934, 756, 472, 256, 177, 202, 326, 931, 527, 633, 557, 611, 468, 373, 265, 127, 253, 136, 87, 228, 244, 322, 329, 324, 532, 449, 463, 443, 414, 450]","[-4018, -1408, -3548, -2698, -3489, -2325, -1571, -931, -995, -490, -360, -432, -684, -921, -1019, -997, -873, -344, -674, -498, -651, -695, -786, -840, -1006, -1177, -1048, -915, -845, -666, -519, -367, -378, -385, -394, -549, -587, -620, -640, -587]"
"[32767, 2724, 8390, 10111, 6276, 7906, 8258, 7562, 8303, 8699, 8596, 8437, 8305, 8418, 8431, 8385, 8345, 8435, 8379, 8496, 8286, 8280, 8322, 8403, 8308, 8272, 8432, 8485, 8456, 8065, 8391, 8467, 8381, 8424, 8399, 8292, 8405, 8365, 8415, 8377]","[-10158, 2394, -4143, -1053, -2790, -8602, -2291, 1851, 1857, -873, -2337, -1390, -972, -685, -611, -731, -821, -1420, -1051, -676, -934, -758, -999, -1084, -785, -560, -271, -635, -735, -479, -481, -576, -112, -844, -847, -838, -596, -423, -397, -361]","[5836, -21765, -5832, 1964, 2318, 4036, -464, -2797, -2840, -811, 293, -193, -1088, -1055, -304, 57, -353, -459, -510, -458, -329, -379, -394, -149, -95, -370, -253, -278, -235, 120, 125, -139, -289, -367, -352, -518, -368, -206, -221, -246]","[-11301, 13518, 422, 904, -9501, -3717, 6819, 3671, -1927, -3864, -881, 1947, 1250, -652, -1002, -174, 423, 714, 269, -583, -553, -28, -259, -203, 438, 278, -470, -393, -257, -405, -659, 233, 280, -273, 46, -40, -249, -536, -517, -643]","[-333, 3605, -536, 866, 1892, 179, 506, 345, 717, 1020, 788, 466, 574, 671, 724, 552, 448, 366, 487, 610, 650, 493, 465, 383, 334, 220, 276, 265, 257, 177, 75, -42, -2, -47, 85, -26, 80, 28, 111, 88]","[10553, 945, -627, -5, -384, -1856, -2819, -2212, -1305, -690, -734, -1070, -1084, -945, -709, -543, -453, -542, -612, -482, -402, -481, -542, -683, -774, -757, -473, -392, -415, -443, -326, -331, -153, -89, -182, -375, -407, -412, -335, -314]"
"[32767, 1843, 11484, 7657, 6013, 7041, 8214, 7976, 8578, 8702, 8461, 8575, 8440, 8688, 8612, 8509, 8166, 8211, 8473, 8272, 8395, 8429, 8448, 8414, 8212, 8302, 8375, 8422, 8490, 8251, 8320, 8576, 8449, 8490, 8440, 8497, 8594, 8514, 8622, 8403]","[-10291, -9728, -5782, -898, 1314, -2172, 2096, 32, -2054, -395, -1060, -2221, -1311, -957, -366, -790, -580, -139, 254, 448, -125, -168, -89, 64, 659, 287, 470, 333, 782, 307, -43, -6, 17, -134, -111, 155, -148, 465, 324, 239]","[8993, -12376, -4359, 4264, 686, 1260, -1479, -710, -972, -140, -336, 235, 90, 34, 69, -47, 121, 790, 581, 402, 219, 202, 159, 460, 1013, 764, 467, 190, 378, 774, 583, 168, 222, 567, 576, 831, 751, 676, 637, 565]","[-24805, 5693, -1816, -611, -5458, -457, 2111, -1882, -1103, -662, -3004, -2811, -1752, -1065, -1262, -408, -72, -859, -717, -1181, -1226, -763, -358, -255, -258, -462, -653, -499, -666, -751, -368, -562, -752, -878, -810, -1124, -657, -636, -441, -67]","[981, 6920, 632, 2357, 2257, 464, 600, 867, 1178, 1183, 1285, 1283, 1147, 1005, 1131, 1033, 925, 835, 867, 965, 804, 593, 483, 413, 484, 461, 324, 387, 386, 268, 228, 350, 472, 457, 401, 429, 437, 333, 262, 259]","[13455, -3188, -4315, -5332, -3824, -4077, -3047, -2363, -1950, -1638, -1383, -1561, -1800, -1991, -1724, -1772, -1914, -1756, -1541, -1129, -1013, -1062, -1187, -1148, -892, -692, -556, -372, -210, -43, -111, -187, -221, -195, -300, -255, -385, -316, -207, -225]"
"[32767, 3567, 12272, 9011, 5193, 7194, 7450, 6882, 9257, 9135, 8781, 8088, 8845, 8310, 8378, 8261, 8635, 8703, 8240, 8024, 8241, 8120, 8213, 8333, 8554, 8690, 8311, 8156, 8931, 8439, 8417, 8457, 8417, 8686, 8415, 8335, 8243, 8450, 8560, 8635]","[-9053, -4730, -10458, -3867, 2932, -4403, -1428, 2201, -222, -2918, -337, -1659, -2401, -1100, -762, -1565, -1595, -1433, -1003, -866, -51, -352, -1170, -1543, 848, -45, -594, -777, -1735, -572, 101, -236, -993, 59, -241, -108, -87, -909, -514, 932]","[14709, -24308, 1890, 3403, 801, 2951, 1006, -1930, -2000, -1798, -703, 75, 574, 451, 371, 229, -140, -845, -150, 321, 431, -161, -112, -516, 856, 1147, 847, 338, 1090, 745, 347, 500, 299, -32, 479, 516, 465, 365, -155, 10]","[-30434, 13429, 226, 1608, -1829, -1038, 5201, 2750, -3282, -2439, -1994, -4877, -3139, -2773, -2708, -2500, -1702, -249, -677, -147, -163, -206, 91, 2679, 1214, 418, 982, 1715, 1041, 1086, 783, 705, 762, 309, -217, 394, -92, 388, 571, -1012]","[1415, 7901, -1343, -1404, 3091, -848, 1089, -115, 1042, 792, 1397, 1166, 1039, 1021, 929, 795, 814, 878, 934, 804, 829, 709, 387, 782, 913, 520, 336, -40, 237, 231, 72, -57, -73, 133, -46, -41, -51, -311, 95, 431]","[17350, -1558, -3177, -5135, -4050, -4389, -3411, -2685, -1242, -1604, -989, -979, -1093, -1041, -852, -873, -869, -1167, -1248, -1396, -1224, -1038, -1208, -1763, -1259, -689, -417, -731, -1040, -941, -757, -732, -935, -671, -466, -437, -438, -692, -872, -431]"
"[32767, 485, 12955, 8626, 4476, 9235, 7691, 8767, 8195, 8508, 8863, 8505, 8390, 8530, 8488, 8591, 8146, 8592, 8226, 8428, 8379, 8299, 8290, 8550, 8665, 8435, 8359, 8424, 8551, 8493, 8449, 8320, 8417, 8613, 8618, 8360, 8280, 8735, 8534, 8426]","[-10355, -4713, -11779, -1823, 11208, -2768, -4928, -2998, -584, 682, -1079, -2493, -1482, 130, -1406, -848, -799, -664, -356, -222, 400, -161, -298, -386, -473, -166, -53, -532, -656, -303, -238, -416, -1019, 85, 229, 1, -252, -611, 329, 266]","[23968, -10734, 15, -5365, -3445, 2345, 2213, 1233, -2135, -1545, 375, 2102, 638, 289, 328, 310, 35, -165, 172, 318, 388, 441, 345, 581, 1298, 1036, 543, 642, 662, 658, 693, 687, 569, 353, 443, 460, 537, 408, 770, 604]","[-32768, -10049, 5744, 17377, 778, -10989, -1397, 3157, 3979, -478, -3951, -2190, 140, -794, -2664, -885, -818, -259, -165, 416, 228, -1, 322, 32, 112, 80, 50, -115, -90, 277, 582, 776, 958, 856, 845, 1089, 1103, 457, 614, 750]","[4507, 3551, 663, 865, 531, 549, 704, 516, 432, 800, 1033, 912, 411, 520, 660, 759, 613, 552, 364, 462, 467, 465, 419, 634, 599, 535, 357, 243, 37, 31, 16, -130, -149, -62, -90, -80, -147, -60, -51, -94]","[14350, -1326, -4845, -6081, -3104, -2680, -2025, -2846, -2849, -2141, -1828, -1649, -1997, -1760, -1500, -1392, -1355, -1395, -1457, -1289, -1056, -820, -823, -823, -645, -455, -389, -436, -515, -416, -451, -566, -852, -707, -556, -520, -611, -777, -532, -496]"
"[14308, 8671, 17876, 11152, 7745, 4710, 8866, 7678, 8382, 7798, 8238, 8703, 8805, 8518, 8714, 8872, 8349, 8489, 8486, 8358, 8414, 8353, 8374, 8407, 8827, 8333, 8389, 8411, 8294, 8494, 8584, 8548, 8377, 8224, 8674, 8880, 8188, 8291, 8327, 8472]","[-23896, -5947, 6200, -16988, -2294, 11777, -2572, -8210, -2264, 1679, 2505, -1955, -3509, -2191, -1428, -1156, 92, -594, -532, -330, 684, 747, -431, -1270, -772, -343, 285, -822, -471, -1129, 61, -122, 174, -1007, -413, 270, 441, 285, 100, -143]","[-395, 5637, 395, -1982, -8869, -1613, 3784, 3731, 1243, -3067, -2184, 1068, 1886, 541, 213, 354, 97, -243, 363, 480, 106, 251, 534, 592, 1050, 526, 402, 513, 434, 447, 767, 472, 650, 563, 187, 848, 711, 615, 807, 766]","[-2978, 16585, -16216, 10997, 11939, -3838, -17336, -2983, 8441, 5170, -3357, -5999, -1496, -690, -2184, -1792, -486, -45, -508, -223, -41, 84, 220, 236, -746, -300, -434, -427, 415, 785, -34, 274, 592, 1501, 541, -383, 70, 89, -156, -715]","[-3902, 4756, -2677, 2293, -1139, 2422, 1683, 592, -772, 267, 893, 1156, 772, 620, 781, 371, 404, 301, 464, 666, 617, 514, 340, 213, 553, 337, 369, 194, 41, 141, 270, 76, 42, -175, 187, 417, 152, 51, -36, -117]","[4253, 8137, -5627, -4291, -7544, -2640, -2265, -2160, -3685, -2628, -1420, -708, -1074, -1647, -1646, -1839, -1636, -1690, -1606, -1491, -1188, -692, -389, -629, -495, -519, -337, -400, -658, -965, -619, -654, -573, -876, -998, -617, -413, -258, -206, -122]"
"[-1853, 12398, 7386, 7817, 7880, 7370, 8278, 8663, 8643, 8965, 8593, 8554, 8392, 8352, 8470, 8450, 8445, 8323, 8342, 8396, 8285, 8271, 8740, 8409, 8443, 8357, 8252, 8805, 8438, 8310, 8378, 8521, 8609, 8441, 8324, 8500, 8367, 8447, 8565, 8199]","[-22003, -4349, -824, -66, -7297, 1222, 3347, 1039, -2684, -1677, 153, -1009, -1693, -1284, -808, -927, -756, -545, 274, -11, 18, -577, -391, -447, 265, -432, -638, -135, 332, -61, -273, -818, 85, 205, -82, -546, -289, 116, 443, 176]","[-24689, 1068, -527, 287, 5748, -929, -1755, -1252, 456, 376, -191, 579, 947, 375, -15, 150, 439, 453, 643, 376, 440, 368, 747, 694, 546, 589, 703, 753, 637, 638, 665, 394, 766, 415, 317, 754, 844, 537, 453, 671]","[8299, 7631, -3836, -8793, -3050, 7429, 2599, -773, 136, 207, -1036, -2033, -641, 301, 200, 939, 1092, 1075, 529, 205, -302, -219, -956, -699, -402, -348, -160, -224, -59, 52, 286, 147, 76, -123, -204, 238, 743, 946, 361, 162]","[-137, 2569, 846, 296, 1994, -199, 311, 708, 820, 891, 906, 794, 490, 428, 293, 297, 386, 485, 484, 462, 385, 221, 320, 285, 229, 144, 157, 171, 118, 102, 48, 137, 161, 133, 119, 49, 67, -49, 5, 59]","[-4754, -1664, -2453, -2698, -3326, -3510, -2532, -1569, -1493, -1430, -1086, -895, -1147, -1206, -1303, -1421, -1489, -1455, -1156, -890, -737, -799, -671, -604, -518, -567, -926, -546, -412, -295, -376, -616, -399, -311, -310, -526, -695, -661, -526, -374]"
"[32767, -1127, 13801, 8014, 4616, 8278, 7321, 8492, 8265, 8651, 8444, 8690, 8411, 8530, 8490, 8581, 8840, 8405, 8429, 8548, 8367, 8423, 8327, 8521, 8456, 8324, 8395, 8483, 8544, 8340, 8597, 8428, 8240, 8470, 8548, 8557, 8399, 8407, 8615, 8509]","[-3144, -10793, -8532, -195, 5865, -4225, -223, 522, -407, -1336, -2445, -1700, -1235, -982, -1565, 208, -1174, -874, -11, -6, 399, -542, -79, -1224, -677, -268, -540, -79, 267, -85, -389, -184, 383, 59, 66, 171, 93, 345, 117, 256]","[13946, -15497, -1643, 1977, 370, 3740, 331, -856, -1677, -553, 863, 633, 264, 0, -299, -272, 514, 1024, 1197, 436, 89, 329, 309, 309, 45, 174, 494, 313, 200, 203, 484, 509, 135, 232, 194, 493, 548, 388, 455, 519]","[-28667, 2969, 5302, 6769, -3185, -3861, 4321, 2466, 1081, -758, -904, 441, 83, -106, 391, 384, -434, 454, 461, 881, 376, -507, -796, -910, 396, 184, -72, 127, 352, 322, 35, 236, 339, 132, 392, 199, 470, 475, 331, 338]","[1460, 9602, -538, 1096, 1384, 436, 530, 331, 636, 739, 650, 655, 610, 403, 641, 664, 434, 315, 333, 201, 196, 216, 485, 277, 396, 413, 284, 396, 324, 239, 210, 175, 194, 190, 286, 172, 219, 223, 273, 237]","[14471, -906, -4950, -5553, -3433, -3759, -2703, -2358, -1736, -1476, -1637, -1812, -1816, -1913, -1987, -1648, -1676, -1644, -1321, -1092, -833, -665, -433, -555, -763, -916, -1007, -940, -844, -774, -801, -807, -778, -772, -744, -685, -621, -630, -625, -610]"
"[32767, 459, 8996, 8512, 5980, 8858, 8042, 7819, 8785, 8403, 8685, 8501, 8357, 8407, 8454, 8391, 8094, 8095, 8167, 8291, 7995, 8221, 8628, 8740, 8421, 8476, 8677, 8540, 8277, 8359, 8429, 8354, 8474, 8367, 8450, 8616, 8448, 8303, 8369, 8567]","[-2889, -7637, -11675, 5341, 6602, -7480, -2492, 2414, -1759, -1308, -629, -582, -456, -693, -71, -605, -190, 53, 325, 671, 846, 228, 123, 193, 334, -26, -567, -8, 230, 139, 456, 574, 709, -29, 401, 293, 172, 787, -31, -42]","[20811, -19188, -2639, -6725, -904, 3740, 657, -1830, -1590, 641, 437, -324, -276, -156, 131, 186, -92, -149, 196, -105, -89, 78, 1355, 1220, 323, 133, 554, 411, 370, 268, 294, 470, 662, 335, 248, 501, 695, 522, 340, 436]","[-24869, 1760, 18437, 6254, -13106, -9567, 2883, -1189, -4016, -2686, -1834, -1828, -1824, -1334, -994, -731, -125, -223, -330, -176, -503, -586, -675, 114, -538, -1311, -1330, -951, -970, -591, -239, -74, -303, -979, -669, -832, -630, -450, -504, -439]","[3078, 5723, -817, 2341, 1534, 686, 1843, 1688, 1353, 1562, 1386, 1165, 1132, 1198, 1155, 999, 994, 770, 884, 927, 853, 470, 536, 571, 420, 396, 385, 413, 311, 156, 171, 164, 315, 360, 413, 360, 309, 129, 88, 212]","[11220, -649, -6130, -4131, -2953, -2525, -2523, -2056, -2161, -1899, -1778, -1649, -1561, -1531, -1440, -1359, -1439, -1561, -1349, -1167, -896, -917, -549, -384, -269, -221, -289, -450, -462, -537, -501, -427, -202, -170, -211, -216, -146, -118, -102, -169]"
"[5437, 18455, 7368, 6358, 8002, 8211, 7121, 8440, 8361, 8022, 8211, 8543, 8383, 8286, 8111, 8208, 8469, 9033, 8369, 8371, 8351, 8645, 8279, 8312, 8266, 8234, 8403, 8338, 8279, 8328, 8380, 8492, 8424, 8354, 8509, 8349, 8272, 7973, 7952, 7855]","[-23222, 6662, 9297, -8181, -7236, 3537, 1645, -3459, -3125, -239, 1080, -899, -1162, 1141, 458, 425, -410, -36, -1264, -390, -1665, -1114, 93, -753, -820, -784, -109, -484, -564, -548, -1068, -516, -674, -987, -1095, -1216, -526, -110, 392, 566]","[-10678, -16826, -6733, 5429, 3437, -3918, -5062, -1355, 881, -1217, -2383, -954, -113, -411, -663, -183, -488, -659, -772, -407, -124, -320, -705, -252, -7, -474, -486, -206, -339, -388, -469, -275, -432, -828, -877, -941, -996, -1337, -1402, -1458]","[7872, 10342, -13594, -15459, 6644, 5809, -6330, -8494, -2986, -1090, -3475, -3985, -1676, -1370, -1615, -476, -176, -1194, -1240, -1296, -2048, -1277, -2549, -2485, -1490, -1491, -2179, -1916, -1198, -1100, -818, 49, 386, 619, 396, 712, 720, 671, 842, 890]","[-1463, 448, 5018, 15, 1747, 3189, 1879, 1730, 1856, 2052, 1941, 1625, 1419, 1476, 998, 827, 757, 884, 797, 667, 505, 402, 525, 312, 123, 116, 204, 38, -217, -382, -496, -653, -770, -875, -1044, -1095, -1016, -844, -791, -719]","[-2947, 474, -230, 345, 512, -657, 64, -175, -797, -989, -674, -543, -679, -302, -30, 284, 364, 664, 597, 521, 295, 95, 210, 218, 60, 43, 223, 294, 236, 148, 61, 58, 79, -34, -240, -497, -603, -516, -336, -44]"
"[20378, 4964, 7972, 8526, 7431, 7406, 8054, 7567, 7202, 8389, 8664, 7690, 7495, 6911, 7069, 7839, 7653, 6480, 9674, 13882, 8946, 7450, 7661, 7991, 8491, 8503, 8425, 8397, 8471, 8394, 8297, 8364, 8263, 8341, 8280, 8308, 8288, 8297, 8336, 8332]","[-5692, -2049, 309, 3159, 3053, 1389, -1516, -2179, 787, 2416, 1826, 1841, 300, 499, 2773, 3730, 378, -4780, -1307, 1618, -867, -3243, -769, 396, -1635, -1141, -943, -661, 67, 290, -634, -537, -164, 112, -232, -524, -183, 188, 347, -180]","[23509, -368, 1375, -1585, -2866, -932, -870, 1094, -1213, -4467, -3546, -2926, -2212, -2155, -3172, -3321, -4273, -782, -6567, -1610, -334, -238, -957, -1861, -1432, -608, -287, -1225, -1777, -935, -60, -97, -661, -1110, -1128, -739, -601, -849, -649, -846]","[-24899, 10508, -1847, -541, -1890, -5270, -2557, 3489, 7905, 7016, 2722, 1043, 2419, 5926, 4944, 1235, -1360, -333, 6070, -765, -3801, 94, 3492, 614, -634, -128, -78, 337, -53, -1348, -1341, -63, 545, 304, -247, -265, -206, -180, -527, -378]","[10435, -2404, -2789, -615, 2361, 2804, 4120, 5450, 3084, 1904, 2871, 3596, 3369, 2674, 2011, 1717, 2055, 1808, -422, 686, 1144, 125, 492, 447, 568, 593, 486, 573, 604, 636, 504, 350, 278, 279, 313, 373, 360, 403, 374, 310]","[1097, -4071, -4717, -5241, -4160, -3704, -3101, -3103, -3623, -3451, -3052, -2909, -2915, -3058, -2909, -1632, 455, 4474, 4011, 3235, 3280, 2284, 1460, 1156, 750, 299, 25, -170, -269, -125, -129, -272, -341, -306, -301, -396, -494, -364, -215, -143]"
"[-19709, 7662, 6364, 11642, 2574, 5900, 2990, 10923, 2449, 12451, 7626, 8570, 8809, 9998, 11236, 10441, 10129, 10074, 9330, 9063, 8650, 7111, 7385, 7374, 7823, 7824, 7295, 7812, 9482, 17378, 5243, 7839, 8062, 7779, 8059, 8025, 8432, 8329, 8142, 8387]","[30069, 3416, 1945, 6246, 4929, 4021, -7690, -21482, 32767, 11079, 4261, -1364, 403, -715, 483, -876, -2648, -2081, -305, 1742, 3731, 3138, 2313, 2195, 3303, 3239, 1981, 1080, 1346, -2008, 5431, -215, -4939, -203, 2984, 527, -1382, -754, 963, 92]","[-1346, -6418, 472, -1501, 7779, 4784, 29486, -32768, 7408, -3286, -4235, -1482, -265, 476, -400, -931, 425, 1215, 541, 724, -894, -803, 492, -200, -1257, -1160, -252, 708, -2954, -6991, -7530, 343, 2349, -896, -2899, -791, 488, -745, -2178, -1201]","[9365, -24468, -32768, -32768, -32768, -32768, -3569, 32767, -4201, 33, -17066, -19555, -12522, -11385, -11255, -11045, -8716, -3119, 669, 560, -407, -4329, -6195, -5426, -5396, -7422, -8440, -5928, -2644, 391, -1005, -6305, -1412, 3263, -101, -2899, -1062, 386, -591, -2767]","[-7564, -12845, -12102, -15212, -17524, -14215, -4788, -29771, -14213, -4516, -5387, -4575, -4503, -6377, -5589, -4189, -2935, -2128, -1885, -916, 524, 1124, 288, -550, -232, 962, 1716, 2253, 1842, 1462, 3387, 2455, 1881, 1882, 1771, 1711, 1334, 1075, 1200, 1294]","[9812, 19505, -7905, -16648, -6485, -4389, 2243, 7527, 5686, 12394, 12877, 13056, 11471, 9967, 9368, 8302, 7365, 6268, 5677, 5928, 5735, 6184, 6227, 5453, 4681, 3563, 2008, 671, -1517, 348, -1648, 791, -828, -923, -295, 335, 226, -56, 123, 318]"
